2006,9,19,4782
2006,9,20,4818
2006,9,21,4829
2006,9,22,4818
2006,9,23,4845
2006,9,24,4879
2006,9,25,4872
2006,9,26,4902
2006,9,27,4910
2006,9,28,4893
2006,9,29,4914
2006,9,30,4987
2006,10,1,5052
2006,10,2,5027
2006,10,3,4935
2006,10,4,4898
2006,10,5,4867
2006,10,6,4896
2006,10,7,4939
2006,10,8,4902
2006,10,9,4924
2006,10,10,4949
2006,10,11,4867
2006,10,12,4763
2006,10,13,4834
2006,10,14,4824
2006,10,15,4851
2006,10,16,4868
2006,10,17,4935
2006,10,18,4946
2006,10,19,4819
2006,10,20,4772
2006,10,21,4768
2006,10,22,4764
2006,10,23,4802
2006,10,24,4837
2006,10,25,4900
2006,10,26,4895
2006,10,27,4892
2006,10,28,4912
2006,10,29,4877
2006,10,30,4847
2006,10,31,4827
2006,11,1,4821
2006,11,2,4893
2006,11,3,5018
2006,11,4,5012
2006,11,5,4945
2006,11,6,4897
2006,11,7,4942
2006,11,8,5026
2006,11,9,-32767
2006,11,10,-32767
2006,11,11,-32767
2006,11,12,-32767
2006,11,13,-32767
2006,11,14,-32767
2006,11,15,-32767
2006,11,16,-32767
2006,11,17,4676
2006,11,18,4749
2006,11,19,4813
2006,11,20,4737
2006,11,21,-32767
2006,11,22,-32767
2006,11,23,-32767
2006,11,24,-32767
2006,11,25,-32767
2006,11,26,-32767
2006,11,27,-32767
2006,11,28,-32767
2006,11,29,-32767
2006,11,30,-32767
2006,12,1,-32767
2006,12,2,-32767
2006,12,3,-32767
2006,12,4,-32767
2006,12,5,5013
2006,12,6,5024
2006,12,7,4974
2006,12,8,4906
2006,12,9,4930
2006,12,10,4958
2006,12,11,4887
2006,12,12,4824
2006,12,13,4874
2006,12,14,4960
2006,12,15,4988
2006,12,16,4998
2006,12,17,5076
2006,12,18,5140
2006,12,19,5028
2006,12,20,4949
2006,12,21,4963
2006,12,22,4901
2006,12,23,4884
2006,12,24,4928
2006,12,25,4924
2006,12,26,4737
2006,12,27,4662
2006,12,28,4785
2006,12,29,4918
2006,12,30,4949
2006,12,31,4939
2007,1,1,4933
2007,1,2,4965
2007,1,3,5039
2007,1,4,4996
2007,1,5,4886
2007,1,6,4846
2007,1,7,4817
2007,1,8,4780
2007,1,9,4767
2007,1,10,4779
2007,1,11,4817
2007,1,12,4875
2007,1,13,4882
2007,1,14,4839
2007,1,15,4818
2007,1,16,4859
2007,1,17,4891
2007,1,18,4953
2007,1,19,4875
2007,1,20,4785
2007,1,21,4823
2007,1,22,4972
2007,1,23,5087
2007,1,24,5146
2007,1,25,4845
2007,1,26,4717
2007,1,27,4837
2007,1,28,4873
2007,1,29,4979
2007,1,30,5027
2007,1,31,4967
2007,2,1,4929
2007,2,2,4812
2007,2,3,4766
2007,2,4,4627
2007,2,5,4580
2007,2,6,4620
2007,2,7,4693
2007,2,8,4832
2007,2,9,4913
2007,2,10,4731
2007,2,11,4772
2007,2,12,4895
2007,2,13,4934
2007,2,14,4940
2007,2,15,4901
2007,2,16,4874
2007,2,17,4881
2007,2,18,4825
2007,2,19,4729
2007,2,20,4759
2007,2,21,4806
2007,2,22,4811
2007,2,23,4756
2007,2,24,4787
2007,2,25,4709
2007,2,26,4718
2007,2,27,4714
2007,2,28,4668
2007,3,1,4670
2007,3,2,4685
2007,3,3,4695
2007,3,4,4785
2007,3,5,4844
2007,3,6,4772
2007,3,7,4711
2007,3,8,4712
2007,3,9,4765
2007,3,10,-32767
2007,3,11,-32767
2007,3,12,-32767
2007,3,13,-32767
2007,3,14,4777
2007,3,15,4827
2007,3,16,4780
2007,3,17,4675
2007,3,18,4484
2007,3,19,4523
2007,3,20,4823
2007,3,21,4781
2007,3,22,4725
2007,3,23,4785
2007,3,24,4742
2007,3,25,4668
2007,3,26,4717
2007,3,27,4777
2007,3,28,4719
2007,3,29,4709
2007,3,30,4707
2007,3,31,4753
2007,4,1,4744
2007,4,2,4722
2007,4,3,4597
2007,4,4,4406
2007,4,5,4422
2007,4,6,4549
2007,4,7,4608
2007,4,8,4620
2007,4,9,4747
2007,4,10,4824
2007,4,11,4827
2007,4,12,4828
2007,4,13,4749
2007,4,14,4698
2007,4,15,4755
2007,4,16,4698
2007,4,17,4492
2007,4,18,4487
2007,4,19,4600
2007,4,20,4637
2007,4,21,4702
2007,4,22,4754
2007,4,23,4769
2007,4,24,4741
2007,4,25,4769
2007,4,26,4770
2007,4,27,4745
2007,4,28,4738
2007,4,29,4689
2007,4,30,4673
2007,5,1,4646
2007,5,2,4623
2007,5,3,4618
2007,5,4,4644
2007,5,5,4712
2007,5,6,4700
2007,5,7,4710
2007,5,8,4750
2007,5,9,4798
2007,5,10,4741
2007,5,11,4691
2007,5,12,4679
2007,5,13,4656
2007,5,14,4696
2007,5,15,4741
2007,5,16,4742
2007,5,17,4746
2007,5,18,4769
2007,5,19,4867
2007,5,20,4931
2007,5,21,4855
2007,5,22,4778
2007,5,23,4716
2007,5,24,4673
2007,5,25,4683
2007,5,26,4696
2007,5,27,4710
2007,5,28,4715
2007,5,29,4778
2007,5,30,4816
2007,5,31,4697
2007,6,1,-32767
2007,6,2,-32767
2007,6,3,-32767
2007,6,4,4802
2007,6,5,4791
2007,6,6,4732
2007,6,7,4723
2007,6,8,4756
2007,6,9,4745
2007,6,10,4763
2007,6,11,4804
2007,6,12,4743
2007,6,13,4682
2007,6,14,4747
2007,6,15,4894
2007,6,16,4929
2007,6,17,4867
2007,6,18,4870
2007,6,19,4823
2007,6,20,4819
2007,6,21,4912
2007,6,22,4834
2007,6,23,4721
2007,6,24,4697
2007,6,25,4687
2007,6,26,4701
2007,6,27,4696
2007,6,28,4702
2007,6,29,4744
2007,6,30,4804
2007,7,1,4870
2007,7,2,4870
2007,7,3,4806
2007,7,4,4749
2007,7,5,4698
2007,7,6,4668
2007,7,7,4648
2007,7,8,4643
2007,7,9,4666
2007,7,10,4714
2007,7,11,4769
2007,7,12,4777
2007,7,13,4782
2007,7,14,4811
2007,7,15,4827
2007,7,16,4834
2007,7,17,4845
2007,7,18,4902
2007,7,19,4852
2007,7,20,4817
2007,7,21,-32767
2007,7,22,-32767
2007,7,23,4778
2007,7,24,4851
2007,7,25,4854
2007,7,26,4855
2007,7,27,4906
2007,7,28,4939
2007,7,29,4924
2007,7,30,4883
2007,7,31,4845
2007,8,1,4805
2007,8,2,4790
2007,8,3,4794
2007,8,4,4794
2007,8,5,4843
2007,8,6,4942
2007,8,7,4948
2007,8,8,4888
2007,8,9,4831
2007,8,10,4834
2007,8,11,4857
2007,8,12,4823
2007,8,13,4765
2007,8,14,4807
2007,8,15,4872
2007,8,16,4861
2007,8,17,4843
2007,8,18,4852
2007,8,19,4842
2007,8,20,4852
2007,8,21,4918
2007,8,22,4912
2007,8,23,4900
2007,8,24,4867
2007,8,25,4815
2007,8,26,4830
2007,8,27,4826
2007,8,28,4835
2007,8,29,4880
2007,8,30,4890
2007,8,31,4882
2007,9,1,4817
2007,9,2,4774
2007,9,3,4769
2007,9,4,4818
2007,9,5,4888
2007,9,6,4944
2007,9,7,4976
2007,9,8,4977
2007,9,9,4906
2007,9,10,4870
2007,9,11,4842
2007,9,12,4891
2007,9,13,4813
2007,9,14,4768
2007,9,15,4769
2007,9,16,4900
2007,9,17,5111
2007,9,18,5104
2007,9,19,5010
2007,9,20,4926
2007,9,21,-32767
2007,9,22,-32767
2007,9,23,4745
2007,9,24,-32767
2007,9,25,-32767
2007,9,26,-32767
2007,9,27,4911
2007,9,28,4878
2007,9,29,4814
2007,9,30,4786
2007,10,1,4930
2007,10,2,5022
2007,10,3,4866
2007,10,4,4828
2007,10,5,4984
2007,10,6,4894
2007,10,7,4706
2007,10,8,4672
2007,10,9,4696
2007,10,10,4793
2007,10,11,4889
2007,10,12,4859
2007,10,13,4902
2007,10,14,5040
2007,10,15,5042
2007,10,16,5017
2007,10,17,5010
2007,10,18,4937
2007,10,19,4951
2007,10,20,4948
2007,10,21,4923
2007,10,22,4875
2007,10,23,4881
2007,10,24,4884
2007,10,25,4808
2007,10,26,4821
2007,10,27,4926
2007,10,28,4897
2007,10,29,4852
2007,10,30,4847
2007,10,31,4825
2007,11,1,4827
2007,11,2,4854
2007,11,3,4896
2007,11,4,4847
2007,11,5,4858
2007,11,6,4906
2007,11,7,4779
2007,11,8,4747
2007,11,9,4827
2007,11,10,4805
2007,11,11,4738
2007,11,12,4785
2007,11,13,4865
2007,11,14,4837
2007,11,15,4818
2007,11,16,4760
2007,11,17,4772
2007,11,18,5075
2007,11,19,5175
2007,11,20,4976
2007,11,21,4927
2007,11,22,4882
2007,11,23,4820
2007,11,24,4747
2007,11,25,4720
2007,11,26,4962
2007,11,27,4973
2007,11,28,4820
2007,11,29,4841
2007,11,30,4846
2007,12,1,4744
2007,12,2,4670
2007,12,3,4657
2007,12,4,4897
2007,12,5,5098
2007,12,6,5070
2007,12,7,5000
2007,12,8,4938
2007,12,9,4922
2007,12,10,4926
2007,12,11,4991
2007,12,12,5116
2007,12,13,5027
2007,12,14,4969
2007,12,15,5001
2007,12,16,4880
2007,12,17,4825
2007,12,18,4777
2007,12,19,4794
2007,12,20,4824
2007,12,21,4795
2007,12,22,4888
2007,12,23,4929
2007,12,24,4895
2007,12,25,4848
2007,12,26,4874
2007,12,27,4827
2007,12,28,4766
2007,12,29,4734
2007,12,30,4711
2007,12,31,4830
2008,1,1,4860
2008,1,2,4754
2008,1,3,4643
2008,1,4,4723
2008,1,5,4786
2008,1,6,4749
2008,1,7,4745
2008,1,8,4727
2008,1,9,4677
2008,1,10,4661
2008,1,11,4649
2008,1,12,4595
2008,1,13,4651
2008,1,14,4738
2008,1,15,4722
2008,1,16,4710
2008,1,17,4790
2008,1,18,4905
2008,1,19,4887
2008,1,20,4899
2008,1,21,4897
2008,1,22,4930
2008,1,23,4957
2008,1,24,4908
2008,1,25,4861
2008,1,26,4817
2008,1,27,4785
2008,1,28,4738
2008,1,29,4630
2008,1,30,4541
2008,1,31,4630
2008,2,1,4777
2008,2,2,4787
2008,2,3,4869
2008,2,4,4880
2008,2,5,4849
2008,2,6,4870
2008,2,7,4804
2008,2,8,4745
2008,2,9,4739
2008,2,10,4660
2008,2,11,4500
2008,2,12,4400
2008,2,13,4424
2008,2,14,4594
2008,2,15,4622
2008,2,16,4642
2008,2,17,4723
2008,2,18,4766
2008,2,19,4840
2008,2,20,4910
2008,2,21,4946
2008,2,22,4891
2008,2,23,4838
2008,2,24,4806
2008,2,25,4763
2008,2,26,4750
2008,2,27,4801
2008,2,28,4761
2008,2,29,4842
2008,3,1,4786
2008,3,2,4612
2008,3,3,4571
2008,3,4,4667
2008,3,5,4784
2008,3,6,4759
2008,3,7,4677
2008,3,8,4633
2008,3,9,4621
2008,3,10,4666
2008,3,11,4686
2008,3,12,4733
2008,3,13,4754
2008,3,14,4716
2008,3,15,4612
2008,3,16,4587
2008,3,17,4687
2008,3,18,4716
2008,3,19,4551
2008,3,20,4555
2008,3,21,4502
2008,3,22,4406
2008,3,23,4389
2008,3,24,4538
2008,3,25,4627
2008,3,26,4650
2008,3,27,4673
2008,3,28,4663
2008,3,29,4598
2008,3,30,4569
2008,3,31,4634
2008,4,1,4547
2008,4,2,4550
2008,4,3,4550
2008,4,4,4466
2008,4,5,4516
2008,4,6,4619
2008,4,7,4658
2008,4,8,4655
2008,4,9,4547
2008,4,10,4545
2008,4,11,4556
2008,4,12,4563
2008,4,13,4623
2008,4,14,4617
2008,4,15,4573
2008,4,16,4639
2008,4,17,4733
2008,4,18,4750
2008,4,19,4634
2008,4,20,4597
2008,4,21,4594
2008,4,22,4508
2008,4,23,4453
2008,4,24,4527
2008,4,25,4612
2008,4,26,4708
2008,4,27,4651
2008,4,28,4554
2008,4,29,4565
2008,4,30,4600
2008,5,1,4489
2008,5,2,4375
2008,5,3,4469
2008,5,4,4518
2008,5,5,4534
2008,5,6,4542
2008,5,7,4500
2008,5,8,4570
2008,5,9,4579
2008,5,10,4563
2008,5,11,4562
2008,5,12,4576
2008,5,13,4577
2008,5,14,4560
2008,5,15,4615
2008,5,16,4624
2008,5,17,4603
2008,5,18,4580
2008,5,19,4585
2008,5,20,4645
2008,5,21,4647
2008,5,22,4676
2008,5,23,4737
2008,5,24,4749
2008,5,25,4726
2008,5,26,4789
2008,5,27,4796
2008,5,28,4764
2008,5,29,4772
2008,5,30,4845
2008,5,31,4807
2008,6,1,4748
2008,6,2,4734
2008,6,3,4678
2008,6,4,-32767
2008,6,5,-32767
2008,6,6,4726
2008,6,7,4757
2008,6,8,4814
2008,6,9,4880
2008,6,10,4776
2008,6,11,4665
2008,6,12,4636
2008,6,13,4723
2008,6,14,4784
2008,6,15,4725
2008,6,16,4704
2008,6,17,4732
2008,6,18,4773
2008,6,19,4740
2008,6,20,4740
2008,6,21,4769
2008,6,22,4776
2008,6,23,4760
2008,6,24,4719
2008,6,25,4676
2008,6,26,4618
2008,6,27,4607
2008,6,28,4650
2008,6,29,4674
2008,6,30,4666
2008,7,1,4706
2008,7,2,4743
2008,7,3,4745
2008,7,4,4735
2008,7,5,4745
2008,7,6,4734
2008,7,7,4676
2008,7,8,4676
2008,7,9,4692
2008,7,10,4764
2008,7,11,4838
2008,7,12,4924
2008,7,13,4983
2008,7,14,4949
2008,7,15,4919
2008,7,16,4908
2008,7,17,4903
2008,7,18,4889
2008,7,19,4937
2008,7,20,4882
2008,7,21,4789
2008,7,22,4766
2008,7,23,4796
2008,7,24,4891
2008,7,25,4815
2008,7,26,4723
2008,7,27,4729
2008,7,28,4732
2008,7,29,4764
2008,7,30,4773
2008,7,31,4764
2008,8,1,4715
2008,8,2,4643
2008,8,3,4620
2008,8,4,4606
2008,8,5,4620
2008,8,6,4630
2008,8,7,4657
2008,8,8,4705
2008,8,9,4771
2008,8,10,4868
2008,8,11,4903
2008,8,12,4898
2008,8,13,4979
2008,8,14,5049
2008,8,15,5006
2008,8,16,4996
2008,8,17,4983
2008,8,18,4949
2008,8,19,4893
2008,8,20,4883
2008,8,21,5029
2008,8,22,4969
2008,8,23,4871
2008,8,24,4840
2008,8,25,4864
2008,8,26,4866
2008,8,27,4811
2008,8,28,4713
2008,8,29,4629
2008,8,30,4672
2008,8,31,4724
2008,9,1,4777
2008,9,2,4819
2008,9,3,4826
2008,9,4,-32767
2008,9,5,-32767
2008,9,6,4982
2008,9,7,4984
2008,9,8,4954
2008,9,9,4918
2008,9,10,4882
2008,9,11,4870
2008,9,12,4886
2008,9,13,4887
2008,9,14,4908
2008,9,15,4957
2008,9,16,4920
2008,9,17,4901
2008,9,18,4929
2008,9,19,4955
2008,9,20,4974
2008,9,21,4964
2008,9,22,4930
2008,9,23,4796
2008,9,24,4743
2008,9,25,4780
2008,9,26,4841
2008,9,27,4876
2008,9,28,4794
2008,9,29,4692
2008,9,30,4673
2008,10,1,4644
2008,10,2,4576
2008,10,3,4641
2008,10,4,4835
2008,10,5,4844
2008,10,6,4743
2008,10,7,4781
2008,10,8,4896
2008,10,9,4909
2008,10,10,4912
2008,10,11,-32767
2008,10,12,-32767
2008,10,13,-32767
2008,10,14,4840
2008,10,15,4877
2008,10,16,4931
2008,10,17,4930
2008,10,18,5008
2008,10,19,5095
2008,10,20,5037
2008,10,21,4934
2008,10,22,4774
2008,10,23,4684
2008,10,24,4714
2008,10,25,4809
2008,10,26,4786
2008,10,27,4867
2008,10,28,5001
2008,10,29,4860
2008,10,30,5096
2008,10,31,5227
2008,11,1,4963
2008,11,2,5048
2008,11,3,5046
2008,11,4,4908
2008,11,5,4939
2008,11,6,4909
2008,11,7,4780
2008,11,8,4641
2008,11,9,4608
2008,11,10,4680
2008,11,11,4811
2008,11,12,4831
2008,11,13,4884
2008,11,14,4915
2008,11,15,4923
2008,11,16,4946
2008,11,17,4897
2008,11,18,4959
2008,11,19,4945
2008,11,20,4748
2008,11,21,4814
2008,11,22,4994
2008,11,23,4788
2008,11,24,4729
2008,11,25,4695
2008,11,26,4646
2008,11,27,4656
2008,11,28,4665
2008,11,29,4709
2008,11,30,4714
2008,12,1,4853
2008,12,2,5035
2008,12,3,5064
2008,12,4,5044
2008,12,5,-32767
2008,12,6,-32767
2008,12,7,-32767
2008,12,8,-32767
2008,12,9,-32767
2008,12,10,4975
2008,12,11,4944
2008,12,12,4930
2008,12,13,4815
2008,12,14,4815
2008,12,15,4836
2008,12,16,4818
2008,12,17,4862
2008,12,18,4819
2008,12,19,4767
2008,12,20,4731
2008,12,21,4786
2008,12,22,4850
2008,12,23,4941
2008,12,24,4996
2008,12,25,4931
2008,12,26,4829
2008,12,27,4809
2008,12,28,-32767
2008,12,29,-32767
2008,12,30,4674
2008,12,31,4769
2009,1,1,4849
2009,1,2,4858
2009,1,3,4683
2009,1,4,4507
2009,1,5,4570
2009,1,6,4724
2009,1,7,4788
2009,1,8,4813
2009,1,9,4855
2009,1,10,4900
2009,1,11,4885
2009,1,12,4847
2009,1,13,4814
2009,1,14,4774
2009,1,15,4707
2009,1,16,4735
2009,1,17,4801
2009,1,18,4824
2009,1,19,4819
2009,1,20,4816
2009,1,21,4915
2009,1,22,4980
2009,1,23,4939
2009,1,24,4919
2009,1,25,4868
2009,1,26,4860
2009,1,27,4938
2009,1,28,4915
2009,1,29,4905
2009,1,30,4872
2009,1,31,4817
2009,2,1,4717
2009,2,2,4657
2009,2,3,4634
2009,2,4,4730
2009,2,5,4828
2009,2,6,4870
2009,2,7,4851
2009,2,8,4842
2009,2,9,4803
2009,2,10,-32767
2009,2,11,-32767
2009,2,12,-32767
2009,2,13,-32767
2009,2,14,-32767
2009,2,15,-32767
2009,2,16,-32767
2009,2,17,-32767
2009,2,18,-32767
2009,2,19,-32767
2009,2,20,-32767
2009,2,21,-32767
2009,2,22,-32767
2009,2,23,-32767
2009,2,24,-32767
2009,2,25,-32767
2009,2,26,-32767
2009,2,27,-32767
2009,2,28,-32767
2009,3,1,-32767
2009,3,2,-32767
2009,3,3,-32767
2009,3,4,-32767
2009,3,5,-32767
2009,3,6,-32767
2009,3,7,-32767
2009,3,8,-32767
2009,3,9,-32767
2009,3,10,-32767
2009,3,11,-32767
2009,3,12,-32767
2009,3,13,-32767
2009,3,14,-32767
2009,3,15,-32767
2009,3,16,-32767
2009,3,17,-32767
2009,3,18,-32767
2009,3,19,-32767
2009,3,20,-32767
2009,3,21,-32767
2009,3,22,-32767
2009,3,23,-32767
2009,3,24,-32767
2009,3,25,4537
2009,3,26,4565
2009,3,27,4596
2009,3,28,4527
2009,3,29,4439
2009,3,30,4465
2009,3,31,4494
2009,4,1,4594
2009,4,2,4613
2009,4,3,4595
2009,4,4,4545
2009,4,5,4556
2009,4,6,4565
2009,4,7,4543
2009,4,8,4508
2009,4,9,4580
2009,4,10,4627
2009,4,11,4640
2009,4,12,4721
2009,4,13,4594
2009,4,14,4488
2009,4,15,4527
2009,4,16,4544
2009,4,17,4451
2009,4,18,4554
2009,4,19,4704
2009,4,20,4669
2009,4,21,4680
2009,4,22,4595
2009,4,23,4516
2009,4,24,4607
2009,4,25,4746
2009,4,26,4740
2009,4,27,4681
2009,4,28,4762
2009,4,29,4831
2009,4,30,4878
2009,5,1,4792
2009,5,2,4772
2009,5,3,4816
2009,5,4,4723
2009,5,5,4686
2009,5,6,4632
2009,5,7,4592
2009,5,8,4694
2009,5,9,4836
2009,5,10,4785
2009,5,11,4767
2009,5,12,4733
2009,5,13,4710
2009,5,14,4683
2009,5,15,4634
2009,5,16,4539
2009,5,17,4542
2009,5,18,4625
2009,5,19,4683
2009,5,20,4672
2009,5,21,4693
2009,5,22,4707
2009,5,23,4697
2009,5,24,4709
2009,5,25,4738
2009,5,26,4731
2009,5,27,4701
2009,5,28,4737
2009,5,29,4795
2009,5,30,4736
2009,5,31,4660
2009,6,1,4627
2009,6,2,4639
2009,6,3,4609
2009,6,4,4608
2009,6,5,4622
2009,6,6,4651
2009,6,7,4695
2009,6,8,4697
2009,6,9,4689
2009,6,10,4645
2009,6,11,4617
2009,6,12,4595
2009,6,13,4589
2009,6,14,4618
2009,6,15,4631
2009,6,16,4650
2009,6,17,4715
2009,6,18,4778
2009,6,19,4791
2009,6,20,4809
2009,6,21,4761
2009,6,22,4724
2009,6,23,4717
2009,6,24,4692
2009,6,25,4680
2009,6,26,4744
2009,6,27,4701
2009,6,28,4633
2009,6,29,4663
2009,6,30,4773
2009,7,1,4810
2009,7,2,4779
2009,7,3,4779
2009,7,4,4765
2009,7,5,4743
2009,7,6,4747
2009,7,7,4765
2009,7,8,4736
2009,7,9,4706
2009,7,10,4710
2009,7,11,4681
2009,7,12,4663
2009,7,13,4641
2009,7,14,4687
2009,7,15,4659
2009,7,16,4641
2009,7,17,4635
2009,7,18,4627
2009,7,19,4653
2009,7,20,4645
2009,7,21,4623
2009,7,22,4583
2009,7,23,4585
2009,7,24,4625
2009,7,25,4592
2009,7,26,4636
2009,7,27,4652
2009,7,28,4614
2009,7,29,4698
2009,7,30,4752
2009,7,31,4754
2009,8,1,4762
2009,8,2,4777
2009,8,3,4746
2009,8,4,4713
2009,8,5,4735
2009,8,6,4778
2009,8,7,4817
2009,8,8,4787
2009,8,9,4765
2009,8,10,4787
2009,8,11,4755
2009,8,12,4750
2009,8,13,4790
2009,8,14,4780
2009,8,15,4773
2009,8,16,4729
2009,8,17,4716
2009,8,18,4814
2009,8,19,4885
2009,8,20,4818
2009,8,21,4782
2009,8,22,4787
2009,8,23,4762
2009,8,24,4759
2009,8,25,4725
2009,8,26,4741
2009,8,27,4807
2009,8,28,4768
2009,8,29,4755
2009,8,30,4787
2009,8,31,4804
2009,9,1,4843
2009,9,2,4872
2009,9,3,4886
2009,9,4,4867
2009,9,5,4865
2009,9,6,4937
2009,9,7,4948
2009,9,8,4901
2009,9,9,4867
2009,9,10,5041
2009,9,11,5020
2009,9,12,4842
2009,9,13,4757
2009,9,14,4724
2009,9,15,4693
2009,9,16,4732
2009,9,17,4751
2009,9,18,4797
2009,9,19,4761
2009,9,20,4727
2009,9,21,4782
2009,9,22,4829
2009,9,23,-32767
2009,9,24,-32767
2009,9,25,4781
2009,9,26,4795
2009,9,27,4818
2009,9,28,4803
2009,9,29,4684
2009,9,30,4578
2009,10,1,4571
2009,10,2,4635
2009,10,3,4635
2009,10,4,4621
2009,10,5,4600
2009,10,6,4590
2009,10,7,4558
2009,10,8,4542
2009,10,9,4598
2009,10,10,4678
2009,10,11,4632
2009,10,12,4645
2009,10,13,4834
2009,10,14,4911
2009,10,15,4850
2009,10,16,4877
2009,10,17,4887
2009,10,18,4867
2009,10,19,4933
2009,10,20,4908
2009,10,21,4825
2009,10,22,4758
2009,10,23,4757
2009,10,24,4739
2009,10,25,4741
2009,10,26,4788
2009,10,27,4786
2009,10,28,4741
2009,10,29,4702
2009,10,30,4733
2009,10,31,4834
2009,11,1,4921
2009,11,2,4862
2009,11,3,4735
2009,11,4,4805
2009,11,5,4858
2009,11,6,4783
2009,11,7,4752
2009,11,8,4797
2009,11,9,4821
2009,11,10,4737
2009,11,11,4639
2009,11,12,4576
2009,11,13,4553
2009,11,14,4603
2009,11,15,4617
2009,11,16,4697
2009,11,17,4801
2009,11,18,4815
2009,11,19,4820
2009,11,20,4832
2009,11,21,4772
2009,11,22,4699
2009,11,23,4704
2009,11,24,4671
2009,11,25,4590
2009,11,26,4587
2009,11,27,4564
2009,11,28,4530
2009,11,29,4520
2009,11,30,4569
2009,12,1,4662
2009,12,2,4639
2009,12,3,4601
2009,12,4,4619
2009,12,5,4743
2009,12,6,4813
2009,12,7,4823
2009,12,8,4806
2009,12,9,4651
2009,12,10,4544
2009,12,11,4532
2009,12,12,4795
2009,12,13,4866
2009,12,14,4928
2009,12,15,5018
2009,12,16,4979
2009,12,17,4776
2009,12,18,4557
2009,12,19,4644
2009,12,20,4694
2009,12,21,4636
2009,12,22,4608
2009,12,23,4592
2009,12,24,4592
2009,12,25,4579
2009,12,26,4571
2009,12,27,4610
2009,12,28,4754
2009,12,29,4996
2009,12,30,5161
2009,12,31,5241
2010,1,1,4953
2010,1,2,4656
2010,1,3,4581
2010,1,4,4634
2010,1,5,4633
2010,1,6,4574
2010,1,7,4621
2010,1,8,4609
2010,1,9,4653
2010,1,10,4697
2010,1,11,4803
2010,1,12,4777
2010,1,13,4710
2010,1,14,4687
2010,1,15,4715
2010,1,16,4726
2010,1,17,4781
2010,1,18,4799
2010,1,19,4651
2010,1,20,4500
2010,1,21,4596
2010,1,22,4745
2010,1,23,4811
2010,1,24,4842
2010,1,25,4757
2010,1,26,4772
2010,1,27,4780
2010,1,28,4809
2010,1,29,4816
2010,1,30,4738
2010,1,31,4699
2010,2,1,4751
2010,2,2,4757
2010,2,3,4737
2010,2,4,4680
2010,2,5,4593
2010,2,6,4565
2010,2,7,4635
2010,2,8,4633
2010,2,9,4688
2010,2,10,4712
2010,2,11,4618
2010,2,12,4644
2010,2,13,4550
2010,2,14,4470
2010,2,15,4518
2010,2,16,4568
2010,2,17,4563
2010,2,18,4592
2010,2,19,4710
2010,2,20,4752
2010,2,21,4732
2010,2,22,4524
2010,2,23,4476
2010,2,24,4533
2010,2,25,4627
2010,2,26,4617
2010,2,27,4544
2010,2,28,4609
2010,3,1,4634
2010,3,2,4607
2010,3,3,4562
2010,3,4,4612
2010,3,5,4698
2010,3,6,4654
2010,3,7,4612
2010,3,8,4630
2010,3,9,4635
2010,3,10,4669
2010,3,11,4672
2010,3,12,4620
2010,3,13,4613
2010,3,14,4634
2010,3,15,4630
2010,3,16,4681
2010,3,17,4751
2010,3,18,4761
2010,3,19,4813
2010,3,20,4835
2010,3,21,4762
2010,3,22,4713
2010,3,23,4695
2010,3,24,4701
2010,3,25,4671
2010,3,26,4640
2010,3,27,4726
2010,3,28,4736
2010,3,29,4666
2010,3,30,4615
2010,3,31,4577
2010,4,1,4596
2010,4,2,4637
2010,4,3,4695
2010,4,4,4722
2010,4,5,4730
2010,4,6,4755
2010,4,7,4740
2010,4,8,4670
2010,4,9,4597
2010,4,10,4613
2010,4,11,4592
2010,4,12,4555
2010,4,13,4558
2010,4,14,4523
2010,4,15,4607
2010,4,16,4746
2010,4,17,4685
2010,4,18,4546
2010,4,19,4555
2010,4,20,4539
2010,4,21,4477
2010,4,22,4434
2010,4,23,4410
2010,4,24,4413
2010,4,25,4443
2010,4,26,4480
2010,4,27,4570
2010,4,28,4676
2010,4,29,4752
2010,4,30,4727
2010,5,1,4722
2010,5,2,4840
2010,5,3,4947
2010,5,4,4871
2010,5,5,4743
2010,5,6,4600
2010,5,7,4518
2010,5,8,4543
2010,5,9,4590
2010,5,10,4682
2010,5,11,4833
2010,5,12,4775
2010,5,13,4548
2010,5,14,4493
2010,5,15,4536
2010,5,16,4552
2010,5,17,4662
2010,5,18,4693
2010,5,19,4688
2010,5,20,4667
2010,5,21,4672
2010,5,22,4664
2010,5,23,4610
2010,5,24,4574
2010,5,25,4522
2010,5,26,4518
2010,5,27,4546
2010,5,28,4592
2010,5,29,4656
2010,5,30,4671
2010,5,31,4679
2010,6,1,4722
2010,6,2,4724
2010,6,3,4706
2010,6,4,4702
2010,6,5,4708
2010,6,6,4662
2010,6,7,4657
2010,6,8,4683
2010,6,9,4733
2010,6,10,4765
2010,6,11,4790
2010,6,12,4777
2010,6,13,4771
2010,6,14,4766
2010,6,15,4788
2010,6,16,4722
2010,6,17,4694
2010,6,18,4763
2010,6,19,4737
2010,6,20,4677
2010,6,21,-32767
2010,6,22,-32767
2010,6,23,4684
2010,6,24,4687
2010,6,25,4669
2010,6,26,4653
2010,6,27,4726
2010,6,28,4728
2010,6,29,4683
2010,6,30,4682
2010,7,1,4669
2010,7,2,4702
2010,7,3,4745
2010,7,4,4743
2010,7,5,4734
2010,7,6,4697
2010,7,7,4683
2010,7,8,4727
2010,7,9,4774
2010,7,10,4805
2010,7,11,4821
2010,7,12,4802
2010,7,13,4815
2010,7,14,4872
2010,7,15,4803
2010,7,16,4733
2010,7,17,4705
2010,7,18,4669
2010,7,19,4653
2010,7,20,4753
2010,7,21,4831
2010,7,22,4902
2010,7,23,4968
2010,7,24,4871
2010,7,25,4788
2010,7,26,4772
2010,7,27,4726
2010,7,28,4731
2010,7,29,4728
2010,7,30,4752
2010,7,31,4766
2010,8,1,4725
2010,8,2,4749
2010,8,3,4826
2010,8,4,4912
2010,8,5,4948
2010,8,6,4962
2010,8,7,4851
2010,8,8,4792
2010,8,9,4757
2010,8,10,4761
2010,8,11,4750
2010,8,12,4742
2010,8,13,4743
2010,8,14,4750
2010,8,15,4786
2010,8,16,4754
2010,8,17,4734
2010,8,18,4770
2010,8,19,4740
2010,8,20,4777
2010,8,21,4775
2010,8,22,4740
2010,8,23,4739
2010,8,24,4754
2010,8,25,4754
2010,8,26,4733
2010,8,27,4759
2010,8,28,4821
2010,8,29,4853
2010,8,30,4834
2010,8,31,4833
2010,9,1,4827
2010,9,2,4818
2010,9,3,4808
2010,9,4,4739
2010,9,5,4701
2010,9,6,4736
2010,9,7,4704
2010,9,8,4708
2010,9,9,4759
2010,9,10,4745
2010,9,11,4741
2010,9,12,4768
2010,9,13,4749
2010,9,14,4705
2010,9,15,4677
2010,9,16,4663
2010,9,17,4636
2010,9,18,4650
2010,9,19,4672
2010,9,20,4691
2010,9,21,4737
2010,9,22,4768
2010,9,23,4833
2010,9,24,4878
2010,9,25,4850
2010,9,26,4853
2010,9,27,4889
2010,9,28,4818
2010,9,29,4792
2010,9,30,4797
2010,10,1,4764
2010,10,2,4754
2010,10,3,4723
2010,10,4,4807
2010,10,5,4931
2010,10,6,4810
2010,10,7,4738
2010,10,8,4764
2010,10,9,4725
2010,10,10,4566
2010,10,11,4658
2010,10,12,4805
2010,10,13,4849
2010,10,14,4838
2010,10,15,4830
2010,10,16,4810
2010,10,17,4785
2010,10,18,4700
2010,10,19,4626
2010,10,20,4747
2010,10,21,4800
2010,10,22,4709
2010,10,23,4715
2010,10,24,4747
2010,10,25,4763
2010,10,26,4822
2010,10,27,4798
2010,10,28,4749
2010,10,29,4749
2010,10,30,4712
2010,10,31,4693
2010,11,1,4750
2010,11,2,4900
2010,11,3,4911
2010,11,4,4852
2010,11,5,4884
2010,11,6,4904
2010,11,7,4853
2010,11,8,4871
2010,11,9,4839
2010,11,10,4715
2010,11,11,4656
2010,11,12,4767
2010,11,13,4892
2010,11,14,4931
2010,11,15,4871
2010,11,16,4800
2010,11,17,4792
2010,11,18,4825
2010,11,19,4809
2010,11,20,4819
2010,11,21,4870
2010,11,22,4962
2010,11,23,4886
2010,11,24,4734
2010,11,25,4730
2010,11,26,4708
2010,11,27,4780
2010,11,28,4933
2010,11,29,5036
2010,11,30,5083
2010,12,1,5002
2010,12,2,4851
2010,12,3,4814
2010,12,4,4929
2010,12,5,4910
2010,12,6,4804
2010,12,7,4707
2010,12,8,4806
2010,12,9,4903
2010,12,10,4944
2010,12,11,4979
2010,12,12,4798
2010,12,13,4773
2010,12,14,4730
2010,12,15,4554
2010,12,16,4526
2010,12,17,4461
2010,12,18,4491
2010,12,19,4507
2010,12,20,4482
2010,12,21,4488
2010,12,22,4503
2010,12,23,4608
2010,12,24,4702
2010,12,25,4659
2010,12,26,4643
2010,12,27,4844
2010,12,28,5028
2010,12,29,4925
2010,12,30,4779
2010,12,31,4787
2011,1,1,5020
2011,1,2,4921
2011,1,3,4772
2011,1,4,4795
2011,1,5,4728
2011,1,6,4682
2011,1,7,4667
2011,1,8,4686
2011,1,9,4688
2011,1,10,4737
2011,1,11,4812
2011,1,12,4795
2011,1,13,4780
2011,1,14,4863
2011,1,15,5031
2011,1,16,5089
2011,1,17,5062
2011,1,18,4959
2011,1,19,4926
2011,1,20,4856
2011,1,21,4790
2011,1,22,4812
2011,1,23,4815
2011,1,24,4769
2011,1,25,4776
2011,1,26,4921
2011,1,27,4965
2011,1,28,4971
2011,1,29,4940
2011,1,30,4904
2011,1,31,4877
2011,2,1,4829
2011,2,2,4778
2011,2,3,4778
2011,2,4,4849
2011,2,5,4838
2011,2,6,4812
2011,2,7,4876
2011,2,8,4884
2011,2,9,4963
2011,2,10,4974
2011,2,11,4945
2011,2,12,5084
2011,2,13,4945
2011,2,14,4945
2011,2,15,4895
2011,2,16,4813
2011,2,17,4835
2011,2,18,4745
2011,2,19,4676
2011,2,20,4664
2011,2,21,4744
2011,2,22,4763
2011,2,23,4746
2011,2,24,4842
2011,2,25,4925
2011,2,26,4913
2011,2,27,4880
2011,2,28,4960
2011,3,1,4830
2011,3,2,4782
2011,3,3,4770
2011,3,4,4571
2011,3,5,4661
2011,3,6,4830
2011,3,7,4812
2011,3,8,4680
2011,3,9,4557
2011,3,10,4523
2011,3,11,4583
2011,3,12,4746
2011,3,13,4797
2011,3,14,4751
2011,3,15,4807
2011,3,16,4776
2011,3,17,4676
2011,3,18,4594
2011,3,19,4588
2011,3,20,4581
2011,3,21,4663
2011,3,22,4650
2011,3,23,4415
2011,3,24,4384
2011,3,25,4586
2011,3,26,4641
2011,3,27,4672
2011,3,28,4719
2011,3,29,4738
2011,3,30,4727
2011,3,31,4762
2011,4,1,4773
2011,4,2,4762
2011,4,3,4770
2011,4,4,4757
2011,4,5,4771
2011,4,6,4808
2011,4,7,4850
2011,4,8,4735
2011,4,9,4661
2011,4,10,4750
2011,4,11,4754
2011,4,12,4763
2011,4,13,4801
2011,4,14,4776
2011,4,15,4716
2011,4,16,4674
2011,4,17,4606
2011,4,18,4557
2011,4,19,4614
2011,4,20,4633
2011,4,21,4640
2011,4,22,4687
2011,4,23,4710
2011,4,24,4673
2011,4,25,4682
2011,4,26,4674
2011,4,27,4673
2011,4,28,4664
2011,4,29,4719
2011,4,30,4720
2011,5,1,-32767
2011,5,2,-32767
2011,5,3,-32767
2011,5,4,-32767
2011,5,5,-32767
2011,5,6,-32767
2011,5,7,-32767
2011,5,8,-32767
2011,5,9,-32767
2011,5,10,-32767
2011,5,11,-32767
2011,5,12,-32767
2011,5,13,-32767
2011,5,14,4627
2011,5,15,4625
2011,5,16,4611
2011,5,17,4624
2011,5,18,4588
2011,5,19,4599
2011,5,20,4561
2011,5,21,4545
2011,5,22,4591
2011,5,23,4565
2011,5,24,4547
2011,5,25,4639
2011,5,26,4704
2011,5,27,4705
2011,5,28,4691
2011,5,29,4700
2011,5,30,4701
2011,5,31,4715
2011,6,1,4783
2011,6,2,4857
2011,6,3,4889
2011,6,4,4723
2011,6,5,4622
2011,6,6,4663
2011,6,7,4629
2011,6,8,4601
2011,6,9,4631
2011,6,10,4647
2011,6,11,4655
2011,6,12,4631
2011,6,13,4621
2011,6,14,4596
2011,6,15,4585
2011,6,16,4601
2011,6,17,4667
2011,6,18,4647
2011,6,19,4592
2011,6,20,4562
2011,6,21,4577
2011,6,22,4607
2011,6,23,4616
2011,6,24,4657
2011,6,25,4689
2011,6,26,4687
2011,6,27,4638
2011,6,28,4664
2011,6,29,4694
2011,6,30,4664
2011,7,1,4657
2011,7,2,4660
2011,7,3,4672
2011,7,4,4689
2011,7,5,4652
2011,7,6,4669
2011,7,7,4671
2011,7,8,4717
2011,7,9,4799
2011,7,10,4832
2011,7,11,4822
2011,7,12,4870
2011,7,13,4877
2011,7,14,4855
2011,7,15,4815
2011,7,16,4793
2011,7,17,4791
2011,7,18,4783
2011,7,19,4799
2011,7,20,4807
2011,7,21,4772
2011,7,22,4791
2011,7,23,4810
2011,7,24,4876
2011,7,25,4890
2011,7,26,4868
2011,7,27,4879
2011,7,28,4857
2011,7,29,4837
2011,7,30,4870
2011,7,31,4808
2011,8,1,4746
2011,8,2,4685
2011,8,3,4636
2011,8,4,4614
2011,8,5,4635
2011,8,6,4678
2011,8,7,4710
2011,8,8,4741
2011,8,9,4771
2011,8,10,4754
2011,8,11,4720
2011,8,12,4743
2011,8,13,4767
2011,8,14,4782
2011,8,15,4771
2011,8,16,4747
2011,8,17,4709
2011,8,18,4711
2011,8,19,4738
2011,8,20,4715
2011,8,21,4737
2011,8,22,4714
2011,8,23,4701
2011,8,24,4721
2011,8,25,4793
2011,8,26,4875
2011,8,27,4959
2011,8,28,4968
2011,8,29,4934
2011,8,30,4816
2011,8,31,4783
2011,9,1,4751
2011,9,2,4736
2011,9,3,4748
2011,9,4,4710
2011,9,5,4687
2011,9,6,4713
2011,9,7,4708
2011,9,8,4691
2011,9,9,4688
2011,9,10,4706
2011,9,11,4717
2011,9,12,4735
2011,9,13,4766
2011,9,14,4779
2011,9,15,4809
2011,9,16,4889
2011,9,17,4826
2011,9,18,4736
2011,9,19,4751
2011,9,20,4783
2011,9,21,4739
2011,9,22,4688
2011,9,23,4695
2011,9,24,4738
2011,9,25,4768
2011,9,26,4747
2011,9,27,4702
2011,9,28,4730
2011,9,29,4801
2011,9,30,4814
2011,10,1,4819
2011,10,2,4840
2011,10,3,4830
2011,10,4,4805
2011,10,5,4774
2011,10,6,4801
2011,10,7,4823
2011,10,8,4744
2011,10,9,4732
2011,10,10,4782
2011,10,11,4780
2011,10,12,4686
2011,10,13,4645
2011,10,14,4720
2011,10,15,4771
2011,10,16,4814
2011,10,17,4876
2011,10,18,4843
2011,10,19,4811
2011,10,20,4818
2011,10,21,4832
2011,10,22,4835
2011,10,23,4838
2011,10,24,4786
2011,10,25,4761
2011,10,26,4809
2011,10,27,4818
2011,10,28,4798
2011,10,29,4760
2011,10,30,4742
2011,10,31,4740
2011,11,1,4730
2011,11,2,4758
2011,11,3,4808
2011,11,4,4808
2011,11,5,4777
2011,11,6,4774
2011,11,7,4682
2011,11,8,4726
2011,11,9,4816
2011,11,10,4732
2011,11,11,4653
2011,11,12,4700
2011,11,13,5028
2011,11,14,5134
2011,11,15,5003
2011,11,16,4946
2011,11,17,4909
2011,11,18,4963
2011,11,19,5012
2011,11,20,5042
2011,11,21,5092
2011,11,22,4989
2011,11,23,4903
2011,11,24,4857
2011,11,25,4859
2011,11,26,4806
2011,11,27,4747
2011,11,28,4730
2011,11,29,4782
2011,11,30,4874
2011,12,1,4881
2011,12,2,4884
2011,12,3,4847
2011,12,4,4759
2011,12,5,4730
2011,12,6,4769
2011,12,7,4761
2011,12,8,4816
2011,12,9,4909
2011,12,10,4935
2011,12,11,4974
2011,12,12,4934
2011,12,13,4838
2011,12,14,4865
2011,12,15,4917
2011,12,16,4895
2011,12,17,4942
2011,12,18,5043
2011,12,19,4946
2011,12,20,4890
2011,12,21,4860
2011,12,22,4861
2011,12,23,4856
2011,12,24,4844
2011,12,25,4897
2011,12,26,4884
2011,12,27,4863
2011,12,28,4807
2011,12,29,4660
2011,12,30,4611
2011,12,31,4677
2012,1,1,4695
2012,1,2,4660
2012,1,3,4720
2012,1,4,4793
2012,1,5,-32767
2012,1,6,4805
2012,1,7,4773
2012,1,8,4878
2012,1,9,4899
2012,1,10,4835
2012,1,11,4726
2012,1,12,4684
2012,1,13,4818
2012,1,14,4861
2012,1,15,4891
2012,1,16,4933
2012,1,17,4963
2012,1,18,4944
2012,1,19,4739
2012,1,20,4747
2012,1,21,4649
2012,1,22,4565
2012,1,23,4560
2012,1,24,4556
2012,1,25,4515
2012,1,26,4506
2012,1,27,4647
2012,1,28,4711
2012,1,29,4670
2012,1,30,4602
2012,1,31,4587
2012,2,1,4653
2012,2,2,4618
2012,2,3,4665
2012,2,4,4756
2012,2,5,4767
2012,2,6,4833
2012,2,7,4887
2012,2,8,4808
2012,2,9,4734
2012,2,10,4717
2012,2,11,4723
2012,2,12,4738
2012,2,13,4665
2012,2,14,4726
2012,2,15,4848
2012,2,16,4768
2012,2,17,4737
2012,2,18,4768
2012,2,19,4659
2012,2,20,4521
2012,2,21,4536
2012,2,22,4606
2012,2,23,4639
2012,2,24,4580
2012,2,25,4524
2012,2,26,4568
2012,2,27,4622
2012,2,28,4610
2012,2,29,4611
2012,3,1,4562
2012,3,2,4529
2012,3,3,4609
2012,3,4,4662
2012,3,5,4634
2012,3,6,4552
2012,3,7,4468
2012,3,8,4545
2012,3,9,4526
2012,3,10,4551
2012,3,11,4494
2012,3,12,4363
2012,3,13,4384
2012,3,14,4427
2012,3,15,4477
2012,3,16,4618
2012,3,17,4718
2012,3,18,4765
2012,3,19,4727
2012,3,20,4626
2012,3,21,4607
2012,3,22,4644
2012,3,23,4588
2012,3,24,4546
2012,3,25,4596
2012,3,26,4685
2012,3,27,4653
2012,3,28,4550
2012,3,29,4482
2012,3,30,4452
2012,3,31,4407
2012,4,1,4459
2012,4,2,4558
2012,4,3,4563
2012,4,4,4523
2012,4,5,4524
2012,4,6,4533
2012,4,7,4619
2012,4,8,4659
2012,4,9,4610
2012,4,10,4631
2012,4,11,4624
2012,4,12,4614
2012,4,13,4579
2012,4,14,4539
2012,4,15,4547
2012,4,16,4580
2012,4,17,4595
2012,4,18,4632
2012,4,19,4610
2012,4,20,4549
2012,4,21,4532
2012,4,22,4524
2012,4,23,4510
2012,4,24,4509
2012,4,25,4456
2012,4,26,4531
2012,4,27,4596
2012,4,28,4567
2012,4,29,4493
2012,4,30,4577
2012,5,1,4578
2012,5,2,4533
2012,5,3,4533
2012,5,4,4521
2012,5,5,4520
2012,5,6,4522
2012,5,7,4520
2012,5,8,4520
2012,5,9,4531
2012,5,10,4590
2012,5,11,4590
2012,5,12,4522
2012,5,13,4425
2012,5,14,4437
2012,5,15,4578
2012,5,16,4631
2012,5,17,4648
2012,5,18,4684
2012,5,19,4688
2012,5,20,4642
2012,5,21,4608
2012,5,22,4630
2012,5,23,4724
2012,5,24,4761
2012,5,25,4711
2012,5,26,4614
2012,5,27,4587
2012,5,28,4569
2012,5,29,4523
2012,5,30,4565
2012,5,31,4510
2012,6,1,4472
2012,6,2,4559
2012,6,3,4579
2012,6,4,4606
2012,6,5,4628
2012,6,6,4593
2012,6,7,4625
2012,6,8,4592
2012,6,9,4527
2012,6,10,4490
2012,6,11,4498
2012,6,12,-32767
2012,6,13,-32767
2012,6,14,-32767
2012,6,15,4729
2012,6,16,4718
2012,6,17,4632
2012,6,18,4702
2012,6,19,4850
2012,6,20,4941
2012,6,21,4830
2012,6,22,4686
2012,6,23,4624
2012,6,24,4621
2012,6,25,4606
2012,6,26,4549
2012,6,27,4570
2012,6,28,4571
2012,6,29,4611
2012,6,30,4714
2012,7,1,4739
2012,7,2,4705
2012,7,3,4692
2012,7,4,4688
2012,7,5,4674
2012,7,6,4690
2012,7,7,4669
2012,7,8,4590
2012,7,9,4635
2012,7,10,4669
2012,7,11,4683
2012,7,12,4711
2012,7,13,4716
2012,7,14,4705
2012,7,15,4704
2012,7,16,4707
2012,7,17,4692
2012,7,18,4675
2012,7,19,4686
2012,7,20,4749
2012,7,21,4781
2012,7,22,4750
2012,7,23,4735
2012,7,24,4751
2012,7,25,4775
2012,7,26,4811
2012,7,27,4902
2012,7,28,4950
2012,7,29,4870
2012,7,30,4832
2012,7,31,4777
2012,8,1,4727
2012,8,2,4721
2012,8,3,4733
2012,8,4,4726
2012,8,5,4779
2012,8,6,4805
2012,8,7,4830
2012,8,8,4837
2012,8,9,4821
2012,8,10,4856
2012,8,11,4847
2012,8,12,4880
2012,8,13,4954
2012,8,14,4791
2012,8,15,4707
2012,8,16,4856
2012,8,17,4850
2012,8,18,4706
2012,8,19,4622
2012,8,20,4637
2012,8,21,4669
2012,8,22,4701
2012,8,23,4717
2012,8,24,4717
2012,8,25,4687
2012,8,26,4651
2012,8,27,4670
2012,8,28,4723
2012,8,29,4746
2012,8,30,4749
2012,8,31,4801
2012,9,1,4830
2012,9,2,4833
2012,9,3,4786
2012,9,4,4808
2012,9,5,4831
2012,9,6,4774
2012,9,7,4711
2012,9,8,4752
2012,9,9,4814
2012,9,10,4878
2012,9,11,4950
2012,9,12,-32767
2012,9,13,-32767
2012,9,14,-32767
2012,9,15,-32767
2012,9,16,-32767
2012,9,17,-32767
2012,9,18,-32767
2012,9,19,-32767
2012,9,20,-32767
2012,9,21,-32767
2012,9,22,-32767
2012,9,23,-32767
2012,9,24,-32767
2012,9,25,-32767
2012,9,26,-32767
2012,9,27,-32767
2012,9,28,-32767
2012,9,29,-32767
2012,9,30,-32767
2012,10,1,-32767
2012,10,2,-32767
2012,10,3,-32767
2012,10,4,-32767
2012,10,5,-32767
2012,10,6,-32767
2012,10,7,-32767
2012,10,8,-32767
2012,10,9,-32767
2012,10,10,-32767
2012,10,11,-32767
2012,10,12,-32767
2012,10,13,-32767
2012,10,14,-32767
2012,10,15,-32767
2012,10,16,-32767
2012,10,17,-32767
2012,10,18,-32767
2012,10,19,-32767
2012,10,20,-32767
2012,10,21,-32767
2012,10,22,-32767
2012,10,23,-32767
2012,10,24,-32767
2012,10,25,-32767
2012,10,26,-32767
2012,10,27,-32767
2012,10,28,-32767
2012,10,29,-32767
2012,10,30,-32767
2012,10,31,-32767
2012,11,1,-32767
2012,11,2,-32767
2012,11,3,-32767
2012,11,4,-32767
2012,11,5,-32767
2012,11,6,-32767
2012,11,7,-32767
2012,11,8,-32767
2012,11,9,-32767
2012,11,10,-32767
2012,11,11,-32767
2012,11,12,-32767
2012,11,13,-32767
2012,11,14,-32767
2012,11,15,-32767
2012,11,16,-32767
2012,11,17,-32767
2012,11,18,-32767
2012,11,19,-32767
2012,11,20,-32767
2012,11,21,-32767
2012,11,22,-32767
2012,11,23,-32767
2012,11,24,-32767
2012,11,25,-32767
2012,11,26,-32767
2012,11,27,-32767
2012,11,28,-32767
2012,11,29,-32767
2012,11,30,-32767
2012,12,1,-32767
2012,12,2,-32767
2012,12,3,-32767
2012,12,4,-32767
2012,12,5,-32767
2012,12,6,-32767
2012,12,7,-32767
2012,12,8,-32767
2012,12,9,-32767
2012,12,10,-32767
2012,12,11,-32767
2012,12,12,-32767
2012,12,13,-32767
2012,12,14,-32767
2012,12,15,-32767
2012,12,16,-32767
2012,12,17,-32767
2012,12,18,-32767
2012,12,19,-32767
2012,12,20,-32767
2012,12,21,-32767
2012,12,22,-32767
2012,12,23,-32767
2012,12,24,-32767
2012,12,25,-32767
2012,12,26,-32767
2012,12,27,-32767
2012,12,28,-32767
2012,12,29,-32767
2012,12,30,-32767
2012,12,31,-32767
2013,1,1,-32767
2013,1,2,-32767
2013,1,3,-32767
2013,1,4,-32767
2013,1,5,-32767
2013,1,6,-32767
2013,1,7,-32767
2013,1,8,-32767
2013,1,9,-32767
2013,1,10,-32767
2013,1,11,-32767
2013,1,12,-32767
2013,1,13,-32767
2013,1,14,-32767
2013,1,15,-32767
2013,1,16,-32767
2013,1,17,-32767
2013,1,18,4860
2013,1,19,4965
2013,1,20,4814
2013,1,21,4725
2013,1,22,4752
2013,1,23,4766
2013,1,24,4709
2013,1,25,4738
2013,1,26,4787
2013,1,27,4808
2013,1,28,4774
2013,1,29,4763
2013,1,30,4765
2013,1,31,4751
2013,2,1,4851
2013,2,2,5012
2013,2,3,4975
2013,2,4,4848
2013,2,5,4738
2013,2,6,4823
2013,2,7,4853
2013,2,8,4787
2013,2,9,4728
2013,2,10,4667
2013,2,11,4617
2013,2,12,4618
2013,2,13,4619
2013,2,14,4614
2013,2,15,4566
2013,2,16,4530
2013,2,17,4519
2013,2,18,4520
2013,2,19,4564
2013,2,20,4614
2013,2,21,4520
2013,2,22,4393
2013,2,23,4486
2013,2,24,4493
2013,2,25,4526
2013,2,26,4604
2013,2,27,4574
2013,2,28,4573
2013,3,1,4537
2013,3,2,4362
2013,3,3,4302
2013,3,4,4345
2013,3,5,4404
2013,3,6,4506
2013,3,7,4494
2013,3,8,4475
2013,3,9,4558
2013,3,10,4500
2013,3,11,4554
2013,3,12,4656
2013,3,13,4678
2013,3,14,4558
2013,3,15,4570
2013,3,16,4758
2013,3,17,4769
2013,3,18,4682
2013,3,19,4629
2013,3,20,4566
2013,3,21,4442
2013,3,22,4386
2013,3,23,4428
2013,3,24,4395
2013,3,25,4437
2013,3,26,4463
2013,3,27,4462
2013,3,28,4544
2013,3,29,4591
2013,3,30,4573
2013,3,31,4638
2013,4,1,4669
2013,4,2,4694
2013,4,3,4668
2013,4,4,4543
2013,4,5,4546
2013,4,6,4658
2013,4,7,4688
2013,4,8,4575
2013,4,9,4507
2013,4,10,4525
2013,4,11,4542
2013,4,12,4521
2013,4,13,4569
2013,4,14,4671
2013,4,15,4712
2013,4,16,4724
2013,4,17,4711
2013,4,18,4715
2013,4,19,4703
2013,4,20,4655
2013,4,21,4695
2013,4,22,4661
2013,4,23,4581
2013,4,24,4570
2013,4,25,4651
2013,4,26,4751
2013,4,27,4617
2013,4,28,4585
2013,4,29,4582
2013,4,30,4578
2013,5,1,4759
2013,5,2,4714
2013,5,3,4579
2013,5,4,4477
2013,5,5,4518
2013,5,6,4593
2013,5,7,4667
2013,5,8,4647
2013,5,9,4680
2013,5,10,4720
2013,5,11,4663
2013,5,12,4575
2013,5,13,4527
2013,5,14,4604
2013,5,15,4566
2013,5,16,4491
2013,5,17,4544
2013,5,18,4503
2013,5,19,4481
2013,5,20,4498
2013,5,21,4432
2013,5,22,4393
2013,5,23,4490
2013,5,24,4529
2013,5,25,4551
2013,5,26,4549
2013,5,27,4484
2013,5,28,4548
2013,5,29,4576
2013,5,30,4551
2013,5,31,4532
2013,6,1,4545
2013,6,2,4580
2013,6,3,4627
2013,6,4,4663
2013,6,5,4667
2013,6,6,4598
2013,6,7,4608
2013,6,8,4639
2013,6,9,4628
2013,6,10,4655
2013,6,11,4684
2013,6,12,4708
2013,6,13,4707
2013,6,14,4657
2013,6,15,4659
2013,6,16,4689
2013,6,17,4797
2013,6,18,4853
2013,6,19,4800
2013,6,20,4744
2013,6,21,4741
2013,6,22,4748
2013,6,23,4708
2013,6,24,4664
2013,6,25,4688
2013,6,26,4743
2013,6,27,4699
2013,6,28,4625
2013,6,29,4595
2013,6,30,4610
2013,7,1,4679
2013,7,2,4714
2013,7,3,4773
2013,7,4,4798
2013,7,5,4771
2013,7,6,4770
2013,7,7,4751
2013,7,8,4713
2013,7,9,4680
2013,7,10,4701
2013,7,11,4708
2013,7,12,4744
2013,7,13,4784
2013,7,14,4707
2013,7,15,4682
2013,7,16,4647
2013,7,17,4648
2013,7,18,4745
2013,7,19,4739
2013,7,20,4664
2013,7,21,4638
2013,7,22,4625
2013,7,23,4612
2013,7,24,4607
2013,7,25,4673
2013,7,26,4759
2013,7,27,4760
2013,7,28,4744
2013,7,29,4656
2013,7,30,4597
2013,7,31,4748
2013,8,1,4803
2013,8,2,4676
2013,8,3,4648
2013,8,4,4628
2013,8,5,4559
2013,8,6,4566
2013,8,7,4642
2013,8,8,4680
2013,8,9,4623
2013,8,10,4573
2013,8,11,4594
2013,8,12,4653
2013,8,13,4707
2013,8,14,4723
2013,8,15,4792
2013,8,16,4880
2013,8,17,4794
2013,8,18,4682
2013,8,19,4690
2013,8,20,4731
2013,8,21,4820
2013,8,22,4797
2013,8,23,4696
2013,8,24,4750
2013,8,25,4847
2013,8,26,4838
2013,8,27,4742
2013,8,28,4749
2013,8,29,4795
2013,8,30,4802
2013,8,31,4800
2013,9,1,4771
2013,9,2,4778
2013,9,3,4878
2013,9,4,4924
2013,9,5,-32767
2013,9,6,-32767
2013,9,7,-32767
2013,9,8,-32767
2013,9,9,4714
2013,9,10,4742
2013,9,11,4868
2013,9,12,4801
2013,9,13,4746
2013,9,14,4699
2013,9,15,4625
2013,9,16,4726
2013,9,17,4811
2013,9,18,4775
2013,9,19,4732
2013,9,20,4695
2013,9,21,4665
2013,9,22,4650
2013,9,23,4673
2013,9,24,4703
2013,9,25,4657
2013,9,26,4657
2013,9,27,4658
2013,9,28,4689
2013,9,29,4738
2013,9,30,4783
2013,10,1,4824
2013,10,2,4808
2013,10,3,4780
2013,10,4,4727
2013,10,5,4688
2013,10,6,4685
2013,10,7,4652
2013,10,8,4692
2013,10,9,4780
2013,10,10,4771
2013,10,11,4656
2013,10,12,4645
2013,10,13,4721
2013,10,14,4725
2013,10,15,4703
2013,10,16,4744
2013,10,17,4773
2013,10,18,4748
2013,10,19,4728
2013,10,20,4721
2013,10,21,4710
2013,10,22,4706
2013,10,23,4761
2013,10,24,4811
2013,10,25,4812
2013,10,26,4811
2013,10,27,4871
2013,10,28,4864
2013,10,29,4829
2013,10,30,4767
2013,10,31,4741
2013,11,1,4775
2013,11,2,4795
2013,11,3,4827
2013,11,4,4791
2013,11,5,4709
2013,11,6,4708
2013,11,7,4796
2013,11,8,4832
2013,11,9,4790
2013,11,10,4728
2013,11,11,4792
2013,11,12,4841
2013,11,13,4837
2013,11,14,4946
2013,11,15,4988
2013,11,16,4865
2013,11,17,4852
2013,11,18,4964
2013,11,19,4972
2013,11,20,5007
2013,11,21,4831
2013,11,22,4720
2013,11,23,4625
2013,11,24,4572
2013,11,25,4716
2013,11,26,4862
2013,11,27,4803
2013,11,28,4639
2013,11,29,4706
2013,11,30,4844
2013,12,1,4755
2013,12,2,4773
2013,12,3,4739
2013,12,4,4657
2013,12,5,4556
2013,12,6,4604
2013,12,7,4675
2013,12,8,4735
2013,12,9,4779
2013,12,10,4767
2013,12,11,4771
2013,12,12,4694
2013,12,13,4716
2013,12,14,4957
2013,12,15,5019
2013,12,16,4965
2013,12,17,4945
2013,12,18,4908
2013,12,19,4873
2013,12,20,4919
2013,12,21,4854
2013,12,22,4714
2013,12,23,4607
2013,12,24,4611
2013,12,25,4719
2013,12,26,4789
2013,12,27,4743
2013,12,28,4694
2013,12,29,4676
2013,12,30,4654
2013,12,31,4707
2014,1,1,4687
2014,1,2,4604
2014,1,3,4540
2014,1,4,4565
2014,1,5,4635
2014,1,6,4662
2014,1,7,4667
2014,1,8,4879
2014,1,9,5043
2014,1,10,5056
2014,1,11,4953
2014,1,12,4842
2014,1,13,4753
2014,1,14,4717
2014,1,15,4786
2014,1,16,4883
2014,1,17,4859
2014,1,18,4756
2014,1,19,4655
2014,1,20,4662
2014,1,21,4707
2014,1,22,4685
2014,1,23,4702
2014,1,24,4779
2014,1,25,4783
2014,1,26,4701
2014,1,27,4594
2014,1,28,4664
2014,1,29,4705
2014,1,30,4763
2014,1,31,4805
2014,2,1,4736
2014,2,2,4662
2014,2,3,4659
2014,2,4,4675
2014,2,5,4732
2014,2,6,4703
2014,2,7,4700
2014,2,8,4710
2014,2,9,4744
2014,2,10,4781
2014,2,11,4740
2014,2,12,4661
2014,2,13,4595
2014,2,14,4541
2014,2,15,4607
2014,2,16,4689
2014,2,17,4608
2014,2,18,4527
2014,2,19,4531
2014,2,20,4567
2014,2,21,4516
2014,2,22,4474
2014,2,23,4560
2014,2,24,4606
2014,2,25,4563
2014,2,26,4519
2014,2,27,4526
2014,2,28,4537
2014,3,1,4548
2014,3,2,4565
2014,3,3,4596
2014,3,4,4686
2014,3,5,4768
2014,3,6,4811
2014,3,7,4745
2014,3,8,4720
2014,3,9,4758
2014,3,10,4766
2014,3,11,4740
2014,3,12,4645
2014,3,13,4529
2014,3,14,4509
2014,3,15,4538
2014,3,16,4528
2014,3,17,4462
2014,3,18,4518
2014,3,19,4551
2014,3,20,4544
2014,3,21,4518
2014,3,22,4490
2014,3,23,4577
2014,3,24,4680
2014,3,25,4671
2014,3,26,4637
2014,3,27,4498
2014,3,28,4432
2014,3,29,4469
2014,3,30,4456
2014,3,31,4445
2014,4,1,4630
2014,4,2,4586
2014,4,3,4509
2014,4,4,4616
2014,4,5,4582
2014,4,6,4460
2014,4,7,4437
2014,4,8,4513
2014,4,9,4514
2014,4,10,4569
2014,4,11,4735
2014,4,12,4704
2014,4,13,4632
2014,4,14,4556
2014,4,15,4621
2014,4,16,4612
2014,4,17,4692
2014,4,18,4713
2014,4,19,4635
2014,4,20,4573
2014,4,21,4533
2014,4,22,4545
2014,4,23,4555
2014,4,24,4483
2014,4,25,4431
2014,4,26,4396
2014,4,27,4439
2014,4,28,4430
2014,4,29,4409
2014,4,30,4451
2014,5,1,4552
2014,5,2,4591
2014,5,3,4513
2014,5,4,4517
2014,5,5,4564
2014,5,6,4605
2014,5,7,4603
2014,5,8,4545
2014,5,9,4539
2014,5,10,4549
2014,5,11,4534
2014,5,12,4526
2014,5,13,4531
2014,5,14,4572
2014,5,15,4647
2014,5,16,4729
2014,5,17,4690
2014,5,18,4587
2014,5,19,4533
2014,5,20,4462
2014,5,21,4492
2014,5,22,4467
2014,5,23,4451
2014,5,24,4407
2014,5,25,4410
2014,5,26,4472
2014,5,27,4477
2014,5,28,4515
2014,5,29,4534
2014,5,30,4588
2014,5,31,4592
2014,6,1,4619
2014,6,2,4699
2014,6,3,4680
2014,6,4,4595
2014,6,5,4621
2014,6,6,4692
2014,6,7,4610
2014,6,8,4546
2014,6,9,4567
2014,6,10,4631
2014,6,11,4554
2014,6,12,4490
2014,6,13,4470
2014,6,14,4576
2014,6,15,4683
2014,6,16,4638
2014,6,17,4592
2014,6,18,4591
2014,6,19,4569
2014,6,20,4589
2014,6,21,4658
2014,6,22,4639
2014,6,23,4667
2014,6,24,4664
2014,6,25,4727
2014,6,26,4748
2014,6,27,4773
2014,6,28,4798
2014,6,29,4795
2014,6,30,4727
2014,7,1,4724
2014,7,2,4687
2014,7,3,4648
2014,7,4,4636
2014,7,5,4687
2014,7,6,4699
2014,7,7,4661
2014,7,8,4664
2014,7,9,4681
2014,7,10,4649
2014,7,11,4602
2014,7,12,4591
2014,7,13,4559
2014,7,14,4581
2014,7,15,4641
2014,7,16,4680
2014,7,17,4684
2014,7,18,4683
2014,7,19,4715
2014,7,20,4760
2014,7,21,4775
2014,7,22,4750
2014,7,23,4732
2014,7,24,4665
2014,7,25,4680
2014,7,26,4707
2014,7,27,4674
2014,7,28,4664
2014,7,29,4640
2014,7,30,4601
2014,7,31,4595
2014,8,1,4580
2014,8,2,4616
2014,8,3,4674
2014,8,4,4679
2014,8,5,4717
2014,8,6,4740
2014,8,7,4736
2014,8,8,4764
2014,8,9,4864
2014,8,10,4853
2014,8,11,4750
2014,8,12,4756
2014,8,13,4819
2014,8,14,4717
2014,8,15,4686
2014,8,16,4773
2014,8,17,4755
2014,8,18,4660
2014,8,19,4720
2014,8,20,4794
2014,8,21,4696
2014,8,22,4683
2014,8,23,4686
2014,8,24,4666
2014,8,25,4707
2014,8,26,4750
2014,8,27,4713
2014,8,28,4655
2014,8,29,4625
2014,8,30,4700
2014,8,31,4806
2014,9,1,4831
2014,9,2,4817
2014,9,3,4782
2014,9,4,4777
2014,9,5,4810
2014,9,6,4788
2014,9,7,4756
2014,9,8,4733
2014,9,9,4760
2014,9,10,4834
2014,9,11,4866
2014,9,12,4852
2014,9,13,4860
2014,9,14,4854
2014,9,15,4829
2014,9,16,4796
2014,9,17,4767
2014,9,18,4730
2014,9,19,4782
2014,9,20,4818
2014,9,21,4825
2014,9,22,4835
2014,9,23,4732
2014,9,24,4833
2014,9,25,4817
2014,9,26,4770
2014,9,27,4764
2014,9,28,4783
2014,9,29,4720
2014,9,30,4767
2014,10,1,4826
2014,10,2,4757
2014,10,3,4680
2014,10,4,4637
2014,10,5,4544
2014,10,6,4461
2014,10,7,4492
2014,10,8,4560
2014,10,9,4599
2014,10,10,4671
2014,10,11,4766
2014,10,12,4777
2014,10,13,4737
2014,10,14,4754
2014,10,15,4789
2014,10,16,4814
2014,10,17,4783
2014,10,18,4754
2014,10,19,4748
2014,10,20,4721
2014,10,21,4733
2014,10,22,4776
2014,10,23,4799
2014,10,24,4744
2014,10,25,4636
2014,10,26,4607
2014,10,27,4587
2014,10,28,4606
2014,10,29,4696
2014,10,30,4776
2014,10,31,4703
2014,11,1,4613
2014,11,2,4646
2014,11,3,4727
2014,11,4,4739
2014,11,5,4740
2014,11,6,4750
2014,11,7,4729
2014,11,8,4690
2014,11,9,4656
2014,11,10,4676
2014,11,11,4752
2014,11,12,4759
2014,11,13,4739
2014,11,14,4751
2014,11,15,4801
2014,11,16,4896
2014,11,17,4973
2014,11,18,4997
2014,11,19,4951
2014,11,20,5026
2014,11,21,5081
2014,11,22,4901
2014,11,23,4817
2014,11,24,4962
2014,11,25,4953
2014,11,26,4870
2014,11,27,4801
2014,11,28,4835
2014,11,29,4866
2014,11,30,4789
2014,12,1,4777
2014,12,2,4900
2014,12,3,4727
2014,12,4,4615
2014,12,5,4772
2014,12,6,4866
2014,12,7,4740
2014,12,8,4680
2014,12,9,4720
2014,12,10,4635
2014,12,11,4725
2014,12,12,4846
2014,12,13,4702
2014,12,14,4617
2014,12,15,4718
2014,12,16,4774
2014,12,17,4707
2014,12,18,4700
2014,12,19,4643
2014,12,20,4586
2014,12,21,4622
2014,12,22,4575
2014,12,23,4555
2014,12,24,4609
2014,12,25,4558
2014,12,26,4507
2014,12,27,4596
2014,12,28,4697
2014,12,29,4886
2014,12,30,4929
2014,12,31,4892
2015,1,1,4917
2015,1,2,4831
2015,1,3,4707
2015,1,4,4675
2015,1,5,4757
2015,1,6,4866
2015,1,7,4920
2015,1,8,4922
2015,1,9,4869
2015,1,10,4721
2015,1,11,4711
2015,1,12,4719
2015,1,13,4647
2015,1,14,4634
2015,1,15,4690
2015,1,16,4664
2015,1,17,4678
2015,1,18,4840
2015,1,19,4877
2015,1,20,4703
2015,1,21,4698
2015,1,22,4733
2015,1,23,4627
2015,1,24,4641
2015,1,25,4655
2015,1,26,4668
2015,1,27,4716
2015,1,28,4527
2015,1,29,4504
2015,1,30,4549
2015,1,31,4609
2015,2,1,4588
2015,2,2,4573
2015,2,3,4802
2015,2,4,4853
2015,2,5,4717
2015,2,6,4626
2015,2,7,4633
2015,2,8,4685
2015,2,9,4656
2015,2,10,4554
2015,2,11,4520
2015,2,12,4532
2015,2,13,4515
2015,2,14,4554
2015,2,15,4672
2015,2,16,4616
2015,2,17,4477
2015,2,18,4530
2015,2,19,4511
2015,2,20,4421
2015,2,21,4367
2015,2,22,4528
2015,2,23,4592
2015,2,24,4631
2015,2,25,4661
2015,2,26,4570
2015,2,27,4614
2015,2,28,4648
2015,3,1,4607
2015,3,2,4640
2015,3,3,4613
2015,3,4,4610
2015,3,5,4704
2015,3,6,4688
2015,3,7,4698
2015,3,8,4679
2015,3,9,4648
2015,3,10,4650
2015,3,11,4723
2015,3,12,4745
2015,3,13,4634
2015,3,14,4733
2015,3,15,4729
2015,3,16,4601
2015,3,17,4625
2015,3,18,4494
2015,3,19,4506
2015,3,20,4547
2015,3,21,4675
2015,3,22,4660
2015,3,23,4565
2015,3,24,4659
2015,3,25,4765
2015,3,26,4782
2015,3,27,4736
2015,3,28,4699
2015,3,29,4682
2015,3,30,4678
2015,3,31,4588
2015,4,1,4478
2015,4,2,4420
2015,4,3,4512
2015,4,4,4594
2015,4,5,4559
2015,4,6,4635
2015,4,7,4657
2015,4,8,4571
2015,4,9,4515
2015,4,10,4541
2015,4,11,4617
2015,4,12,4681
2015,4,13,4696
2015,4,14,4728
2015,4,15,4730
2015,4,16,4670
2015,4,17,4657
2015,4,18,4584
2015,4,19,4531
2015,4,20,4553
2015,4,21,4472
2015,4,22,4365
2015,4,23,4211
2015,4,24,4202
2015,4,25,4305
2015,4,26,4380
2015,4,27,4405
2015,4,28,4434
2015,4,29,4457
2015,4,30,4495
2015,5,1,4485
2015,5,2,4486
2015,5,3,4514
2015,5,4,4532
2015,5,5,4597
2015,5,6,4645
2015,5,7,4553
2015,5,8,4506
2015,5,9,4558
2015,5,10,4594
2015,5,11,4648
2015,5,12,4655
2015,5,13,4642
2015,5,14,4626
2015,5,15,4637
2015,5,16,4577
2015,5,17,4529
2015,5,18,4616
2015,5,19,4683
2015,5,20,4634
2015,5,21,4604
2015,5,22,4641
2015,5,23,4654
2015,5,24,4657
2015,5,25,4680
2015,5,26,4608
2015,5,27,4592
2015,5,28,4571
2015,5,29,4620
2015,5,30,4636
2015,5,31,4595
2015,6,1,4529
2015,6,2,4493
2015,6,3,4500
2015,6,4,4491
2015,6,5,4524
2015,6,6,4545
2015,6,7,4593
2015,6,8,4631
2015,6,9,4539
2015,6,10,4476
2015,6,11,4432
2015,6,12,4457
2015,6,13,4522
2015,6,14,4554
2015,6,15,4566
2015,6,16,4624
2015,6,17,4671
2015,6,18,4652
2015,6,19,4656
2015,6,20,4673
2015,6,21,4631
2015,6,22,4605
2015,6,23,4636
2015,6,24,4674
2015,6,25,4636
2015,6,26,4589
2015,6,27,4598
2015,6,28,4594
2015,6,29,4573
2015,6,30,4566
2015,7,1,4589
2015,7,2,4634
2015,7,3,4616
2015,7,4,4576
2015,7,5,4546
2015,7,6,4504
2015,7,7,4523
2015,7,8,4539
2015,7,9,4536
2015,7,10,4539
2015,7,11,4589
2015,7,12,4636
2015,7,13,4608
2015,7,14,4554
2015,7,15,4529
2015,7,16,4520
2015,7,17,4535
2015,7,18,4563
2015,7,19,4568
2015,7,20,4566
2015,7,21,4633
2015,7,22,4660
2015,7,23,4586
2015,7,24,4584
2015,7,25,4630
2015,7,26,4624
2015,7,27,4610
2015,7,28,4567
2015,7,29,4543
2015,7,30,4531
2015,7,31,4504
2015,8,1,4489
2015,8,2,4487
2015,8,3,4451
2015,8,4,4457
2015,8,5,4602
2015,8,6,4753
2015,8,7,4746
2015,8,8,4746
2015,8,9,4752
2015,8,10,4724
2015,8,11,4697
2015,8,12,4697
2015,8,13,4644
2015,8,14,4641
2015,8,15,4682
2015,8,16,4727
2015,8,17,4765
2015,8,18,4712
2015,8,19,4662
2015,8,20,4639
2015,8,21,4591
2015,8,22,4575
2015,8,23,4595
2015,8,24,4544
2015,8,25,4515
2015,8,26,4482
2015,8,27,4518
2015,8,28,4672
2015,8,29,4697
2015,8,30,4656
2015,8,31,4652
2015,9,1,4637
2015,9,2,4622
2015,9,3,4564
2015,9,4,4617
2015,9,5,4647
2015,9,6,4581
2015,9,7,4605
2015,9,8,4650
2015,9,9,4643
2015,9,10,4668
2015,9,11,4669
2015,9,12,-32767
2015,9,13,-32767
2015,9,14,4701
2015,9,15,4871
2015,9,16,4824
2015,9,17,4712
2015,9,18,4653
2015,9,19,4630
2015,9,20,4633
2015,9,21,4592
2015,9,22,4582
2015,9,23,4560
2015,9,24,4525
2015,9,25,4445
2015,9,26,4509
2015,9,27,4607
2015,9,28,4634
2015,9,29,4626
2015,9,30,4585
2015,10,1,4650
2015,10,2,-32767
2015,10,3,-32767
2015,10,4,-32767
2015,10,5,-32767
2015,10,6,-32767
2015,10,7,-32767
2015,10,8,-32767
2015,10,9,-32767
2015,10,10,-32767
2015,10,11,-32767
2015,10,12,-32767
2015,10,13,-32767
2015,10,14,-32767
2015,10,15,-32767
2015,10,16,-32767
2015,10,17,-32767
2015,10,18,-32767
2015,10,19,-32767
2015,10,20,-32767
2015,10,21,-32767
2015,10,22,-32767
2015,10,23,-32767
2015,10,24,-32767
2015,10,25,-32767
2015,10,26,-32767
2015,10,27,-32767
2015,10,28,-32767
2015,10,29,-32767
2015,10,30,-32767
2015,10,31,-32767
2015,11,1,-32767
2015,11,2,-32767
2015,11,3,-32767
2015,11,4,-32767
2015,11,5,-32767
2015,11,6,-32767
2015,11,7,-32767
2015,11,8,-32767
2015,11,9,-32767
2015,11,10,-32767
2015,11,11,-32767
2015,11,12,-32767
2015,11,13,-32767
2015,11,14,-32767
2015,11,15,-32767
2015,11,16,-32767
2015,11,17,-32767
2015,11,18,-32767
2015,11,19,-32767
2015,11,20,-32767
2015,11,21,-32767
2015,11,22,-32767
2015,11,23,-32767
2015,11,24,-32767
2015,11,25,-32767
2015,11,26,-32767
2015,11,27,-32767
2015,11,28,-32767
2015,11,29,-32767
2015,11,30,-32767
2015,12,1,-32767
2015,12,2,-32767
2015,12,3,-32767
2015,12,4,-32767
2015,12,5,-32767
2015,12,6,-32767
2015,12,7,-32767
2015,12,8,-32767
2015,12,9,-32767
2015,12,10,-32767
2015,12,11,-32767
2015,12,12,-32767
2015,12,13,-32767
2015,12,14,-32767
2015,12,15,-32767
2015,12,16,-32767
2015,12,17,-32767
2015,12,18,-32767
2015,12,19,-32767
2015,12,20,-32767
2015,12,21,-32767
2015,12,22,-32767
2015,12,23,-32767
2015,12,24,-32767
2015,12,25,-32767
2015,12,26,-32767
2015,12,27,-32767
2015,12,28,-32767
2015,12,29,-32767
2015,12,30,-32767
2015,12,31,-32767
2016,1,1,-32767
2016,1,2,-32767
2016,1,3,-32767
2016,1,4,-32767
2016,1,5,-32767
2016,1,6,-32767
2016,1,7,-32767
2016,1,8,-32767
2016,1,9,-32767
2016,1,10,-32767
2016,1,11,-32767
2016,1,12,-32767
2016,1,13,-32767
2016,1,14,-32767
2016,1,15,-32767
2016,1,16,-32767
2016,1,17,-32767
2016,1,18,-32767
2016,1,19,-32767
2016,1,20,-32767
2016,1,21,-32767
2016,1,22,-32767
2016,1,23,-32767
2016,1,24,-32767
2016,1,25,-32767
2016,1,26,-32767
2016,1,27,-32767
2016,1,28,-32767
2016,1,29,-32767
2016,1,30,-32767
2016,1,31,-32767
2016,2,1,-32767
2016,2,2,-32767
2016,2,3,-32767
2016,2,4,4576
2016,2,5,4554
2016,2,6,4567
2016,2,7,4621
2016,2,8,4613
2016,2,9,4553
2016,2,10,4458
2016,2,11,4424
2016,2,12,4454
2016,2,13,4499
2016,2,14,4491
2016,2,15,4465
2016,2,16,4649
2016,2,17,4684
2016,2,18,4697
2016,2,19,4641
2016,2,20,4507
2016,2,21,4562
2016,2,22,-32767
2016,2,23,-32767
2016,2,24,-32767
2016,2,25,-32767
2016,2,26,-32767
2016,2,27,-32767
2016,2,28,-32767
2016,2,29,4665
2016,3,1,4652
2016,3,2,4643
2016,3,3,4615
2016,3,4,4587
2016,3,5,-32767
2016,3,6,-32767
2016,3,7,-32767
2016,3,8,4581
2016,3,9,4501
2016,3,10,4524
2016,3,11,4651
2016,3,12,4596
2016,3,13,4556
2016,3,14,4541
2016,3,15,4491
2016,3,16,4509
2016,3,17,4458
2016,3,18,4452
2016,3,19,4541
2016,3,20,4509
2016,3,21,4474
2016,3,22,4477
2016,3,23,4441
2016,3,24,4473
2016,3,25,4502
2016,3,26,4500
2016,3,27,4499
2016,3,28,4505
2016,3,29,4501
2016,3,30,4567
2016,3,31,4649
2016,4,1,4569
2016,4,2,4493
2016,4,3,4512
2016,4,4,-32767
2016,4,5,-32767
2016,4,6,-32767
2016,4,7,-32767
2016,4,8,-32767
2016,4,9,-32767
2016,4,10,-32767
2016,4,11,-32767
2016,4,12,-32767
2016,4,13,-32767
2016,4,14,-32767
2016,4,15,-32767
2016,4,16,-32767
2016,4,17,-32767
2016,4,18,-32767
2016,4,19,-32767
2016,4,20,-32767
2016,4,21,-32767
2016,4,22,-32767
2016,4,23,-32767
2016,4,24,-32767
2016,4,25,-32767
2016,4,26,-32767
2016,4,27,-32767
2016,4,28,-32767
2016,4,29,-32767
2016,4,30,-32767
2016,5,1,-32767
2016,5,2,-32767
2016,5,3,-32767
2016,5,4,-32767
2016,5,5,-32767
2016,5,6,-32767
2016,5,7,-32767
2016,5,8,-32767
2016,5,9,-32767
2016,5,10,-32767
2016,5,11,-32767
2016,5,12,-32767
2016,5,13,-32767
2016,5,14,-32767
2016,5,15,-32767
2016,5,16,-32767
2016,5,17,-32767
2016,5,18,-32767
2016,5,19,-32767
2016,5,20,-32767
2016,5,21,-32767
2016,5,22,-32767
2016,5,23,-32767
2016,5,24,-32767
2016,5,25,-32767
2016,5,26,-32767
2016,5,27,-32767
2016,5,28,-32767
2016,5,29,-32767
2016,5,30,-32767
2016,5,31,-32767
2016,6,1,-32767
2016,6,2,-32767
2016,6,3,-32767
2016,6,4,-32767
2016,6,5,-32767
2016,6,6,-32767
2016,6,7,-32767
2016,6,8,-32767
2016,6,9,-32767
2016,6,10,-32767
2016,6,11,-32767
2016,6,12,-32767
2016,6,13,-32767
2016,6,14,-32767
2016,6,15,-32767
2016,6,16,-32767
2016,6,17,-32767
2016,6,18,-32767
2016,6,19,-32767
2016,6,20,-32767
2016,6,21,-32767
2016,6,22,-32767
2016,6,23,-32767
2016,6,24,-32767
2016,6,25,-32767
2016,6,26,-32767
2016,6,27,-32767
2016,6,28,-32767
2016,6,29,-32767
2016,6,30,-32767
2016,7,1,-32767
2016,7,2,-32767
2016,7,3,-32767
2016,7,4,4457
2016,7,5,4483
2016,7,6,4499
2016,7,7,4505
2016,7,8,4525
2016,7,9,4539
2016,7,10,4494
2016,7,11,4477
2016,7,12,4467
2016,7,13,4490
2016,7,14,4542
2016,7,15,4577
2016,7,16,4608
2016,7,17,4630
2016,7,18,4666
2016,7,19,4780
2016,7,20,4755
2016,7,21,4662
2016,7,22,4648
2016,7,23,4599
2016,7,24,4595
2016,7,25,4585
2016,7,26,4570
2016,7,27,4511
2016,7,28,4457
2016,7,29,4466
2016,7,30,4486
2016,7,31,4524
2016,8,1,4573
2016,8,2,4660
2016,8,3,4643
2016,8,4,4667
2016,8,5,4694
2016,8,6,4580
2016,8,7,4532
2016,8,8,4513
2016,8,9,4548
2016,8,10,4581
2016,8,11,4610
2016,8,12,4660
2016,8,13,4628
2016,8,14,4578
2016,8,15,4580
2016,8,16,4619
2016,8,17,4687
2016,8,18,4763
2016,8,19,4714
2016,8,20,4656
2016,8,21,4656
2016,8,22,4627
2016,8,23,4621
2016,8,24,4622
2016,8,25,4639
2016,8,26,4645
2016,8,27,4598
2016,8,28,4526
2016,8,29,4563
2016,8,30,4649
2016,8,31,4749
2016,9,1,4741
2016,9,2,4709
2016,9,3,4720
2016,9,4,4732
2016,9,5,4768
2016,9,6,4775
2016,9,7,4770
2016,9,8,4665
2016,9,9,4598
2016,9,10,4623
2016,9,11,4617
2016,9,12,4648
2016,9,13,4721
2016,9,14,4785
2016,9,15,4772
2016,9,16,4709
2016,9,17,4661
2016,9,18,4583
2016,9,19,4536
2016,9,20,4589
2016,9,21,4708
2016,9,22,4654
2016,9,23,4566
2016,9,24,4575
2016,9,25,4590
2016,9,26,4632
2016,9,27,4721
2016,9,28,4714
2016,9,29,4661
2016,9,30,4654
2016,10,1,4687
2016,10,2,4705
2016,10,3,4701
2016,10,4,4726
2016,10,5,4688
2016,10,6,4686
2016,10,7,4683
2016,10,8,4649
2016,10,9,4731
2016,10,10,4754
2016,10,11,4711
2016,10,12,4670
2016,10,13,4633
2016,10,14,4632
2016,10,15,4637
2016,10,16,4612
2016,10,17,4604
2016,10,18,4598
2016,10,19,4569
2016,10,20,4618
2016,10,21,4563
2016,10,22,4468
2016,10,23,4452
2016,10,24,4472
2016,10,25,4502
2016,10,26,4521
2016,10,27,4551
2016,10,28,4532
2016,10,29,4556
2016,10,30,4642
2016,10,31,4750
2016,11,1,4848
2016,11,2,4734
2016,11,3,4719
2016,11,4,4783
2016,11,5,4873
2016,11,6,4869
2016,11,7,4768
2016,11,8,4721
2016,11,9,4737
2016,11,10,4667
2016,11,11,4574
2016,11,12,4540
2016,11,13,4506
2016,11,14,4521
2016,11,15,4535
2016,11,16,4590
2016,11,17,4668
2016,11,18,4667
2016,11,19,4622
2016,11,20,4610
2016,11,21,4636
2016,11,22,4617
2016,11,23,4584
2016,11,24,4603
2016,11,25,4632
2016,11,26,4559
2016,11,27,4467
2016,11,28,4537
2016,11,29,4581
2016,11,30,4592
2016,12,1,4524
2016,12,2,4602
2016,12,3,4635
2016,12,4,4613
2016,12,5,4658
2016,12,6,4620
2016,12,7,4635
2016,12,8,4776
2016,12,9,4797
2016,12,10,4662
2016,12,11,4584
2016,12,12,4731
2016,12,13,4802
2016,12,14,4800
2016,12,15,4791
2016,12,16,4777
2016,12,17,4738
2016,12,18,4777
2016,12,19,4774
2016,12,20,4679
2016,12,21,4688
2016,12,22,4642
2016,12,23,4615
2016,12,24,4611
2016,12,25,4618
2016,12,26,4574
2016,12,27,4640
2016,12,28,4741
2016,12,29,4612
2016,12,30,4573
2016,12,31,4621
2017,1,1,4808
2017,1,2,4719
2017,1,3,4533
2017,1,4,4594
2017,1,5,4596
2017,1,6,4654
2017,1,7,4721
2017,1,8,4608
2017,1,9,4584
2017,1,10,4641
2017,1,11,4543
2017,1,12,4526
2017,1,13,4656
2017,1,14,4621
2017,1,15,4729
2017,1,16,4679
2017,1,17,4579
2017,1,18,4651
2017,1,19,4647
2017,1,20,4558
2017,1,21,4590
2017,1,22,4574
2017,1,23,4556
2017,1,24,4465
2017,1,25,4435
2017,1,26,4432
2017,1,27,4524
2017,1,28,4601
2017,1,29,4668
2017,1,30,4642
2017,1,31,4669
2017,2,1,4717
2017,2,2,4741
2017,2,3,4721
2017,2,4,4744
2017,2,5,4722
2017,2,6,4713
2017,2,7,4703
2017,2,8,4765
2017,2,9,4813
2017,2,10,4746
2017,2,11,4662
2017,2,12,4580
2017,2,13,4433
2017,2,14,4359
2017,2,15,4385
2017,2,16,4347
2017,2,17,4394
2017,2,18,4451
2017,2,19,4603
2017,2,20,4661
2017,2,21,4597
2017,2,22,4625
2017,2,23,4578
2017,2,24,4573
2017,2,25,4544
2017,2,26,4498
2017,2,27,4543
2017,2,28,4569
2017,3,1,4510
2017,3,2,4461
2017,3,3,4486
2017,3,4,4422
2017,3,5,4392
2017,3,6,4452
2017,3,7,4346
2017,3,8,4375
2017,3,9,4476
2017,3,10,4442
2017,3,11,4381
2017,3,12,4475
2017,3,13,4558
2017,3,14,4570
2017,3,15,4542
2017,3,16,4496
2017,3,17,4507
2017,3,18,4599
2017,3,19,4664
2017,3,20,4562
2017,3,21,4563
2017,3,22,4605
2017,3,23,4632
2017,3,24,4619
2017,3,25,4553
2017,3,26,4407
2017,3,27,4319
2017,3,28,4321
2017,3,29,4362
2017,3,30,4365
2017,3,31,4403
2017,4,1,4396
2017,4,2,4396
2017,4,3,4476
2017,4,4,-32767
2017,4,5,4413
2017,4,6,4369
2017,4,7,4400
2017,4,8,4421
2017,4,9,4463
2017,4,10,4526
2017,4,11,4570
2017,4,12,4609
2017,4,13,4545
2017,4,14,-32767
2017,4,15,-32767
2017,4,16,4444
2017,4,17,4459
2017,4,18,4584
2017,4,19,4528
2017,4,20,4466
2017,4,21,4444
2017,4,22,4404
2017,4,23,4370
2017,4,24,4420
2017,4,25,4444
2017,4,26,4478
2017,4,27,4524
2017,4,28,4443
2017,4,29,4437
2017,4,30,4548
2017,5,1,4516
2017,5,2,4572
2017,5,3,4572
2017,5,4,4431
2017,5,5,4358
2017,5,6,4324
2017,5,7,4368
2017,5,8,4374
2017,5,9,4292
2017,5,10,4351
2017,5,11,4384
2017,5,12,4442
2017,5,13,4518
2017,5,14,4513
2017,5,15,4553
2017,5,16,4597
2017,5,17,4588
2017,5,18,4629
2017,5,19,4619
2017,5,20,4585
2017,5,21,4473
2017,5,22,4410
2017,5,23,4476
2017,5,24,4513
2017,5,25,4506
2017,5,26,4506
2017,5,27,4556
2017,5,28,4588
2017,5,29,4568
2017,5,30,4538
2017,5,31,4517
2017,6,1,4480
2017,6,2,4488
2017,6,3,4486
2017,6,4,4526
2017,6,5,4569
2017,6,6,4548
2017,6,7,4552
2017,6,8,4583
2017,6,9,4613
2017,6,10,4599
2017,6,11,4636
2017,6,12,4638
2017,6,13,4616
2017,6,14,4560
2017,6,15,4562
2017,6,16,4624
2017,6,17,4653
2017,6,18,4572
2017,6,19,4557
2017,6,20,4565
2017,6,21,4551
2017,6,22,4577
2017,6,23,4584
2017,6,24,4590
2017,6,25,4582
2017,6,26,4553
2017,6,27,4606
2017,6,28,4639
2017,6,29,4579
2017,6,30,4573
2017,7,1,4611
2017,7,2,4584
2017,7,3,4576
2017,7,4,4600
2017,7,5,4635
2017,7,6,4593
2017,7,7,4618
2017,7,8,4651
2017,7,9,4644
2017,7,10,4698
2017,7,11,4742
2017,7,12,4720
2017,7,13,4733
2017,7,14,4755
2017,7,15,4712
2017,7,16,4715
2017,7,17,4647
2017,7,18,4649
2017,7,19,4765
2017,7,20,4699
2017,7,21,4609
2017,7,22,4599
2017,7,23,4567
2017,7,24,4547
2017,7,25,4571
2017,7,26,4602
2017,7,27,4612
2017,7,28,4657
2017,7,29,4642
2017,7,30,4574
2017,7,31,4634
2017,8,1,4628
2017,8,2,4590
2017,8,3,4588
2017,8,4,4639
2017,8,5,4667
2017,8,6,4617
2017,8,7,4623
2017,8,8,4647
2017,8,9,4669
2017,8,10,4651
2017,8,11,4628
2017,8,12,4592
2017,8,13,4582
2017,8,14,4648
2017,8,15,4622
2017,8,16,4593
2017,8,17,4614
2017,8,18,4609
2017,8,19,4578
2017,8,20,4596
2017,8,21,4582
2017,8,22,4672
2017,8,23,4704
2017,8,24,4595
2017,8,25,4557
2017,8,26,4627
2017,8,27,4794
2017,8,28,4887
2017,8,29,4843
2017,8,30,4793
2017,8,31,4778
2017,9,1,4795
2017,9,2,4757
2017,9,3,4723
2017,9,4,4693
2017,9,5,4644
2017,9,6,4622
2017,9,7,4594
2017,9,8,4631
2017,9,9,4866
2017,9,10,4943
2017,9,11,4774
2017,9,12,4646
2017,9,13,4627
2017,9,14,4613
2017,9,15,4645
2017,9,16,4670
2017,9,17,4671
2017,9,18,4622
2017,9,19,4593
2017,9,20,4559
2017,9,21,4554
2017,9,22,4574
2017,9,23,4586
2017,9,24,4602
2017,9,25,4636
2017,9,26,4595
2017,9,27,4609
2017,9,28,4688
2017,9,29,4683
2017,9,30,4674
2017,10,1,-32767
2017,10,2,-32767
2017,10,3,-32767
2017,10,4,4769
2017,10,5,4655
2017,10,6,4606
2017,10,7,4704
2017,10,8,4679
2017,10,9,4651
2017,10,10,4636
2017,10,11,4613
2017,10,12,4579
2017,10,13,4605
2017,10,14,4632
2017,10,15,4644
2017,10,16,4631
2017,10,17,4646
2017,10,18,4672
2017,10,19,4658
2017,10,20,4595
2017,10,21,4552
2017,10,22,4475
2017,10,23,4609
2017,10,24,4890
2017,10,25,4959
2017,10,26,4876
2017,10,27,4752
2017,10,28,4586
2017,10,29,4583
2017,10,30,4636
2017,10,31,4657
2017,11,1,4786
2017,11,2,4776
2017,11,3,4647
2017,11,4,4648
2017,11,5,4639
2017,11,6,4648
2017,11,7,4659
2017,11,8,4648
2017,11,9,4549
2017,11,10,4543
2017,11,11,4552
2017,11,12,4618
2017,11,13,4736
2017,11,14,4707
2017,11,15,4660
2017,11,16,4634
2017,11,17,4564
2017,11,18,4425
2017,11,19,4382
2017,11,20,4433
2017,11,21,4502
2017,11,22,4571
2017,11,23,4636
2017,11,24,4758
2017,11,25,4794
2017,11,26,4734
2017,11,27,4697
2017,11,28,4810
2017,11,29,4859
2017,11,30,4807
2017,12,1,4808
2017,12,2,4789
2017,12,3,4741
2017,12,4,4627
2017,12,5,4601
2017,12,6,4645
2017,12,7,4776
2017,12,8,4945
2017,12,9,4871
2017,12,10,4776
2017,12,11,4760
2017,12,12,4793
2017,12,13,4735
2017,12,14,4599
2017,12,15,4626
2017,12,16,4721
2017,12,17,4787
2017,12,18,4837
2017,12,19,4843
2017,12,20,4758
2017,12,21,4703
2017,12,22,4692
2017,12,23,4685
2017,12,24,4610
2017,12,25,4566
2017,12,26,4513
2017,12,27,4471
2017,12,28,4571
2017,12,29,4691
2017,12,30,4713
2017,12,31,4678
2018,1,1,4676
2018,1,2,4646
2018,1,3,4577
2018,1,4,4495
2018,1,5,4457
2018,1,6,4543
2018,1,7,4679
2018,1,8,4775
2018,1,9,4739
2018,1,10,4729
2018,1,11,4901
2018,1,12,4919
2018,1,13,4887
2018,1,14,4815
2018,1,15,4718
2018,1,16,4707
2018,1,17,4679
2018,1,18,4642
2018,1,19,4532
2018,1,20,4545
2018,1,21,4584
2018,1,22,4592
2018,1,23,4615
2018,1,24,4615
2018,1,25,4624
2018,1,26,4664
2018,1,27,4645
2018,1,28,4634
2018,1,29,4600
2018,1,30,4569
2018,1,31,4481
2018,2,1,4579
2018,2,2,4619
2018,2,3,4604
2018,2,4,4796
2018,2,5,4604
2018,2,6,4538
2018,2,7,4764
2018,2,8,4655
2018,2,9,4626
2018,2,10,4631
2018,2,11,4563
2018,2,12,4543
2018,2,13,4581
2018,2,14,4636
2018,2,15,4681
2018,2,16,4678
2018,2,17,4603
2018,2,18,4511
2018,2,19,4552
2018,2,20,4640
2018,2,21,4529
2018,2,22,4651
2018,2,23,4630
2018,2,24,4610
2018,2,25,4644
2018,2,26,4522
2018,2,27,4475
2018,2,28,4390
2018,3,1,4364
2018,3,2,4362
2018,3,3,4281
2018,3,4,4296
2018,3,5,4363
2018,3,6,4378
2018,3,7,4400
2018,3,8,4409
2018,3,9,4367
2018,3,10,4377
2018,3,11,4455
2018,3,12,4444
2018,3,13,4482
2018,3,14,4521
2018,3,15,4517
2018,3,16,4462
2018,3,17,4400
2018,3,18,4413
2018,3,19,4458
2018,3,20,4542
2018,3,21,4557
2018,3,22,4534
2018,3,23,4506
2018,3,24,4501
2018,3,25,4479
2018,3,26,4455
2018,3,27,4483
2018,3,28,4469
2018,3,29,4439
2018,3,30,4458
2018,3,31,4494
2018,4,1,4486
2018,4,2,4481
2018,4,3,4507
2018,4,4,4553
2018,4,5,4533
2018,4,6,4497
2018,4,7,4573
2018,4,8,4605
2018,4,9,4623
2018,4,10,4617
2018,4,11,4613
2018,4,12,4564
2018,4,13,4466
2018,4,14,-32767
2018,4,15,-32767
2018,4,16,-32767
2018,4,17,-32767
2018,4,18,4423
2018,4,19,4376
2018,4,20,4455
2018,4,21,4464
2018,4,22,4533
2018,4,23,4612
2018,4,24,4598
2018,4,25,4550
2018,4,26,4487
2018,4,27,4528
2018,4,28,4688
2018,4,29,4578
2018,4,30,4554
2018,5,1,4609
2018,5,2,4622
2018,5,3,4617
2018,5,4,4634
2018,5,5,4630
2018,5,6,4573
2018,5,7,4551
2018,5,8,4561
2018,5,9,4535
2018,5,10,4525
2018,5,11,4565
2018,5,12,4564
2018,5,13,4572
2018,5,14,4600
2018,5,15,4630
2018,5,16,4609
2018,5,17,4636
2018,5,18,4697
2018,5,19,4680
2018,5,20,4659
2018,5,21,4628
2018,5,22,4551
2018,5,23,4602
2018,5,24,4650
2018,5,25,4563
2018,5,26,4572
2018,5,27,4571
2018,5,28,4575
2018,5,29,4625
2018,5,30,4655
2018,5,31,4702
2018,6,1,4735
2018,6,2,4688
2018,6,3,4569
2018,6,4,4509
2018,6,5,4526
2018,6,6,4499
2018,6,7,4604
2018,6,8,4586
2018,6,9,4518
2018,6,10,4499
2018,6,11,4456
2018,6,12,4490
2018,6,13,4527
2018,6,14,4554
2018,6,15,4604
2018,6,16,4589
2018,6,17,4627
2018,6,18,4733
2018,6,19,4749
2018,6,20,4657
2018,6,21,4654
2018,6,22,4649
2018,6,23,4640
2018,6,24,4663
2018,6,25,4675
2018,6,26,4666
2018,6,27,4636
2018,6,28,4642
2018,6,29,4686
2018,6,30,4623
2018,7,1,4714
2018,7,2,4719
2018,7,3,4658
2018,7,4,4661
2018,7,5,4675
2018,7,6,4641
2018,7,7,4606
2018,7,8,4667
2018,7,9,4784
2018,7,10,4793
2018,7,11,4705
2018,7,12,4688
2018,7,13,4704
2018,7,14,4659
2018,7,15,4624
2018,7,16,4652
2018,7,17,4613
2018,7,18,4581
2018,7,19,4600
2018,7,20,4692
2018,7,21,4689
2018,7,22,4667
2018,7,23,4638
2018,7,24,4667
2018,7,25,4692
2018,7,26,4723
2018,7,27,4725
2018,7,28,4656
2018,7,29,4669
2018,7,30,4656
2018,7,31,4673
2018,8,1,4691
2018,8,2,4728
2018,8,3,4743
2018,8,4,4695
2018,8,5,4646
2018,8,6,4717
2018,8,7,4756
2018,8,8,4737
2018,8,9,4692
2018,8,10,4665
2018,8,11,4694
2018,8,12,4681
2018,8,13,4655
2018,8,14,4618
2018,8,15,4606
2018,8,16,4661
2018,8,17,4711
2018,8,18,4754
2018,8,19,4778
2018,8,20,4782
2018,8,21,4808
2018,8,22,4783
2018,8,23,4703
2018,8,24,4691
2018,8,25,4751
2018,8,26,4682
2018,8,27,4663
2018,8,28,4668
2018,8,29,4685
2018,8,30,4684
2018,8,31,4669
2018,9,1,4651
2018,9,2,4706
2018,9,3,4722
2018,9,4,4653
2018,9,5,4674
2018,9,6,4697
2018,9,7,4702
2018,9,8,4687
2018,9,9,4707
2018,9,10,4714
2018,9,11,4689
2018,9,12,4617
2018,9,13,4614
2018,9,14,4642
2018,9,15,4661
2018,9,16,4718
2018,9,17,4693
2018,9,18,4606
2018,9,19,4588
2018,9,20,4615
2018,9,21,4633
2018,9,22,4643
2018,9,23,4685
2018,9,24,4723
2018,9,25,4713
2018,9,26,4733
2018,9,27,4793
2018,9,28,4817
2018,9,29,4729
2018,9,30,4706
2018,10,1,4734
2018,10,2,4638
2018,10,3,4585
2018,10,4,4538
2018,10,5,4597
2018,10,6,4743
2018,10,7,4795
2018,10,8,4732
2018,10,9,4713
2018,10,10,4764
2018,10,11,4772
2018,10,12,4782
2018,10,13,4823
2018,10,14,4776
2018,10,15,4763
2018,10,16,4773
2018,10,17,4774
2018,10,18,4750
2018,10,19,4703
2018,10,20,4720
2018,10,21,4702
2018,10,22,4641
2018,10,23,4607
2018,10,24,4581
2018,10,25,4479
2018,10,26,4462
2018,10,27,4668
2018,10,28,4672
2018,10,29,4613
2018,10,30,4585
2018,10,31,4603
2018,11,1,4596
2018,11,2,4638
2018,11,3,4599
2018,11,4,4578
2018,11,5,4610
2018,11,6,-32767
2018,11,7,-32767
2018,11,8,-32767
2018,11,9,4567
2018,11,10,4601
2018,11,11,4679
2018,11,12,4705
2018,11,13,4658
2018,11,14,4642
2018,11,15,4671
2018,11,16,4702
2018,11,17,4774
2018,11,18,4807
2018,11,19,4629
2018,11,20,4596
2018,11,21,4755
2018,11,22,4781
2018,11,23,4780
2018,11,24,4804
2018,11,25,4803
2018,11,26,4719
2018,11,27,4685
2018,11,28,4690
2018,11,29,4663
2018,11,30,4659
2018,12,1,4696
2018,12,2,4723
2018,12,3,4710
2018,12,4,4718
2018,12,5,4776
2018,12,6,4756
2018,12,7,4791
2018,12,8,4690
2018,12,9,4600
2018,12,10,4562
2018,12,11,4668
2018,12,12,4874
2018,12,13,4823
2018,12,14,4638
2018,12,15,4642
2018,12,16,4729
2018,12,17,4729
2018,12,18,4699
2018,12,19,4733
2018,12,20,4719
2018,12,21,4635
2018,12,22,4623
2018,12,23,4750
2018,12,24,4757
2018,12,25,4651
2018,12,26,4648
2018,12,27,4652
2018,12,28,4624
2018,12,29,4617
2018,12,30,4566
2018,12,31,4565
2019,1,1,4595
2019,1,2,4690
2019,1,3,4735
2019,1,4,4840
2019,1,5,4867
2019,1,6,4695
2019,1,7,4687
2019,1,8,4786
2019,1,9,4775
2019,1,10,4554
2019,1,11,4492
2019,1,12,4483
2019,1,13,4526
2019,1,14,4552
2019,1,15,4648
2019,1,16,4688
2019,1,17,4631
2019,1,18,4604
2019,1,19,4731
2019,1,20,4755
2019,1,21,4611
2019,1,22,4602
2019,1,23,4602
2019,1,24,4565
2019,1,25,-32767
2019,1,26,-32767
2019,1,27,-32767
2019,1,28,-32767
2019,1,29,-32767
2019,1,30,-32767
2019,1,31,-32767
2019,2,1,-32767
2019,2,2,-32767
2019,2,3,-32767
2019,2,4,-32767
2019,2,5,-32767
2019,2,6,-32767
2019,2,7,-32767
2019,2,8,-32767
2019,2,9,-32767
2019,2,10,-32767
2019,2,11,-32767
2019,2,12,-32767
2019,2,13,-32767
2019,2,14,-32767
2019,2,15,-32767
2019,2,16,-32767
2019,2,17,-32767
2019,2,18,-32767
2019,2,19,-32767
2019,2,20,-32767
2019,2,21,-32767
2019,2,22,-32767
2019,2,23,-32767
2019,2,24,-32767
2019,2,25,-32767
2019,2,26,-32767
2019,2,27,-32767
2019,2,28,-32767
2019,3,1,-32767
2019,3,2,-32767
2019,3,3,-32767
2019,3,4,-32767
2019,3,5,-32767
2019,3,6,-32767
2019,3,7,-32767
2019,3,8,-32767
2019,3,9,-32767
2019,3,10,-32767
2019,3,11,-32767
2019,3,12,-32767
2019,3,13,-32767
2019,3,14,-32767
2019,3,15,-32767
2019,3,16,-32767
2019,3,17,-32767
2019,3,18,-32767
2019,3,19,-32767
2019,3,20,-32767
2019,3,21,-32767
2019,3,22,-32767
2019,3,23,-32767
2019,3,24,-32767
2019,3,25,-32767
2019,3,26,-32767
2019,3,27,-32767
2019,3,28,-32767
2019,3,29,-32767
2019,3,30,-32767
2019,3,31,-32767
2019,4,1,-32767
2019,4,2,-32767
2019,4,3,-32767
2019,4,4,-32767
2019,4,5,-32767
2019,4,6,-32767
2019,4,7,-32767
2019,4,8,-32767
2019,4,9,-32767
2019,4,10,-32767
2019,4,11,-32767
2019,4,12,-32767
2019,4,13,-32767
2019,4,14,-32767
2019,4,15,-32767
2019,4,16,-32767
2019,4,17,-32767
2019,4,18,-32767
2019,4,19,-32767
2019,4,20,-32767
2019,4,21,-32767
2019,4,22,-32767
2019,4,23,-32767
2019,4,24,-32767
2019,4,25,-32767
2019,4,26,-32767
2019,4,27,-32767
2019,4,28,4381
2019,4,29,4412
2019,4,30,4451
2019,5,1,4509
2019,5,2,4498
2019,5,3,4422
2019,5,4,4426
2019,5,5,4474
2019,5,6,4484
2019,5,7,4490
2019,5,8,4466
2019,5,9,4463
2019,5,10,4500
2019,5,11,4503
2019,5,12,4465
2019,5,13,4467
2019,5,14,4493
2019,5,15,4539
2019,5,16,4563
2019,5,17,4504
2019,5,18,4491
2019,5,19,4491
2019,5,20,4483
2019,5,21,4475
2019,5,22,4438
2019,5,23,4485
2019,5,24,4565
2019,5,25,4573
2019,5,26,4580
2019,5,27,4534
2019,5,28,4512
2019,5,29,4504
2019,5,30,4544
2019,5,31,4571
2019,6,1,4513
2019,6,2,4490
2019,6,3,4515
2019,6,4,4529
2019,6,5,4543
2019,6,6,4616
2019,6,7,4559
2019,6,8,4515
2019,6,9,4457
2019,6,10,4407
2019,6,11,4514
2019,6,12,4572
2019,6,13,4561
2019,6,14,4530
2019,6,15,4497
2019,6,16,4488
2019,6,17,4564
2019,6,18,4668
2019,6,19,4764
2019,6,20,4703
2019,6,21,4686
2019,6,22,4755
2019,6,23,4744
2019,6,24,4708
2019,6,25,4659
2019,6,26,4517
2019,6,27,4447
2019,6,28,4490
2019,6,29,4527
2019,6,30,4553
2019,7,1,4575
2019,7,2,4576
2019,7,3,4577
2019,7,4,4562
2019,7,5,4559
2019,7,6,4578
2019,7,7,4610
2019,7,8,4554
2019,7,9,4528
2019,7,10,4545
2019,7,11,4597
2019,7,12,4651
2019,7,13,4681
2019,7,14,4676
2019,7,15,4698
2019,7,16,4734
2019,7,17,4792
2019,7,18,4826
2019,7,19,4824
2019,7,20,4747
2019,7,21,4694
2019,7,22,4674
2019,7,23,4717
2019,7,24,4720
2019,7,25,4678
2019,7,26,4698
2019,7,27,4700
2019,7,28,4648
2019,7,29,4629
2019,7,30,4624
2019,7,31,4596
2019,8,1,4608
2019,8,2,4619
2019,8,3,4576
2019,8,4,4562
2019,8,5,4569
2019,8,6,4593
2019,8,7,4596
2019,8,8,4576
2019,8,9,4579
2019,8,10,4568
2019,8,11,4552
2019,8,12,4570
2019,8,13,4614
2019,8,14,4635
2019,8,15,4668
2019,8,16,4657
2019,8,17,4627
2019,8,18,4646
2019,8,19,4674
2019,8,20,4644
2019,8,21,4600
2019,8,22,4566
2019,8,23,4596
2019,8,24,4769
2019,8,25,4770
2019,8,26,4736
2019,8,27,4749
2019,8,28,4725
2019,8,29,4681
2019,8,30,4672
2019,8,31,4710
2019,9,1,4731
2019,9,2,4725
2019,9,3,4679
2019,9,4,4717
2019,9,5,4695
2019,9,6,4683
2019,9,7,4779
2019,9,8,4751
2019,9,9,4703
2019,9,10,4728
2019,9,11,4736
2019,9,12,4701
2019,9,13,4685
2019,9,14,4708
2019,9,15,4695
2019,9,16,4595
2019,9,17,4536
2019,9,18,4534
2019,9,19,4591
2019,9,20,4744
2019,9,21,4809
2019,9,22,4836
2019,9,23,4935
2019,9,24,4857
2019,9,25,4705
2019,9,26,4756
2019,9,27,4803
2019,9,28,4762
2019,9,29,4734
2019,9,30,4693
2019,10,1,4698
2019,10,2,4702
2019,10,3,4754
2019,10,4,4812
2019,10,5,4848
2019,10,6,4892
2019,10,7,4829
2019,10,8,4802
2019,10,9,4741
2019,10,10,4757
2019,10,11,4869
2019,10,12,4800
2019,10,13,4704
2019,10,14,4773
2019,10,15,4793
2019,10,16,4692
2019,10,17,4692
2019,10,18,4733
2019,10,19,4693
2019,10,20,4605
2019,10,21,4527
2019,10,22,4562
2019,10,23,4642
2019,10,24,4812
2019,10,25,4980
2019,10,26,4849
2019,10,27,4755
2019,10,28,4668
2019,10,29,4618
2019,10,30,4707
2019,10,31,4765
2019,11,1,4810
2019,11,2,4832
2019,11,3,4826
2019,11,4,4783
2019,11,5,4785
2019,11,6,4761
2019,11,7,4709
2019,11,8,4651
2019,11,9,4641
2019,11,10,4676
2019,11,11,4757
2019,11,12,4793
2019,11,13,4773
2019,11,14,4888
2019,11,15,5045
2019,11,16,4871
2019,11,17,4776
2019,11,18,4804
2019,11,19,4809
2019,11,20,4730
2019,11,21,4647
2019,11,22,4624
2019,11,23,4772
2019,11,24,4927
2019,11,25,4865
2019,11,26,4774
2019,11,27,4730
2019,11,28,4770
2019,11,29,-32767
2019,11,30,-32767
2019,12,1,4967
2019,12,2,4762
2019,12,3,4880
2019,12,4,4942
2019,12,5,4837
2019,12,6,4779
2019,12,7,4765
2019,12,8,4688
2019,12,9,4686
2019,12,10,4755
2019,12,11,4750
2019,12,12,4836
2019,12,13,4883
2019,12,14,4811
2019,12,15,4734
2019,12,16,4696
2019,12,17,4635
2019,12,18,4597
2019,12,19,4643
2019,12,20,4644
2019,12,21,4584
2019,12,22,4696
2019,12,23,4733
2019,12,24,4717
2019,12,25,4706
2019,12,26,4687
2019,12,27,4665
2019,12,28,4778
2019,12,29,4902
2019,12,30,4888
2019,12,31,4775
2020,1,1,4737
2020,1,2,4769
2020,1,3,4781
2020,1,4,4679
2020,1,5,4719
2020,1,6,4852
2020,1,7,4903
2020,1,8,4899
2020,1,9,4795
2020,1,10,4782
2020,1,11,4831
2020,1,12,4790
2020,1,13,4656
2020,1,14,4653
2020,1,15,4702
2020,1,16,4705
2020,1,17,4660
2020,1,18,4647
2020,1,19,4838
2020,1,20,4845
2020,1,21,4776
2020,1,22,4845
2020,1,23,4757
2020,1,24,4733
2020,1,25,4736
2020,1,26,4680
2020,1,27,4676
2020,1,28,4663
2020,1,29,4625
2020,1,30,4627
2020,1,31,4640
2020,2,1,4627
2020,2,2,4612
2020,2,3,4596
2020,2,4,4609
2020,2,5,4653
2020,2,6,4737
2020,2,7,4720
2020,2,8,4643
2020,2,9,4704
2020,2,10,4679
2020,2,11,4622
2020,2,12,4586
2020,2,13,4544
2020,2,14,4540
2020,2,15,4644
2020,2,16,4767
2020,2,17,4717
2020,2,18,4646
2020,2,19,4625
2020,2,20,4669
2020,2,21,4725
2020,2,22,4729
2020,2,23,4709
2020,2,24,4657
2020,2,25,4536
2020,2,26,4503
2020,2,27,4483
2020,2,28,4453
2020,2,29,4494
2020,3,1,4492
2020,3,2,4507
2020,3,3,4573
2020,3,4,4585
2020,3,5,4568
2020,3,6,4555
2020,3,7,4546
2020,3,8,4513
2020,3,9,4438
2020,3,10,4371
2020,3,11,4426
2020,3,12,4457
2020,3,13,4419
2020,3,14,4401
2020,3,15,4459
2020,3,16,4594
2020,3,17,4593
2020,3,18,4501
2020,3,19,4461
2020,3,20,4525
2020,3,21,4600
2020,3,22,4568
2020,3,23,4649
2020,3,24,4735
2020,3,25,4752
2020,3,26,4615
2020,3,27,4571
2020,3,28,4597
2020,3,29,4563
2020,3,30,4519
2020,3,31,4524
2020,4,1,4247
2020,4,2,4074
2020,4,3,4037
2020,4,4,4058
2020,4,5,4176
2020,4,6,4274
2020,4,7,4403
2020,4,8,4411
2020,4,9,4403
2020,4,10,4403
2020,4,11,4464
2020,4,12,4673
2020,4,13,4805
2020,4,14,4765
2020,4,15,4739
2020,4,16,4801
2020,4,17,4846
2020,4,18,4878
2020,4,19,4803
2020,4,20,4653
2020,4,21,4536
2020,4,22,4510
2020,4,23,4483
2020,4,24,4403
2020,4,25,4479
2020,4,26,4605
2020,4,27,4702
2020,4,28,4620
2020,4,29,4541
2020,4,30,4603
2020,5,1,4598
2020,5,2,4591
2020,5,3,4651
2020,5,4,4639
2020,5,5,4511
2020,5,6,4438
2020,5,7,4390
2020,5,8,4382
2020,5,9,4396
2020,5,10,4390
2020,5,11,4434
2020,5,12,4460
2020,5,13,4502
2020,5,14,4562
2020,5,15,4488
2020,5,16,4367
2020,5,17,4426
2020,5,18,4452
2020,5,19,4509
2020,5,20,4557
2020,5,21,4643
2020,5,22,4635
2020,5,23,4569
2020,5,24,4604
2020,5,25,4702
2020,5,26,4745
2020,5,27,4702
2020,5,28,4656
2020,5,29,4640
2020,5,30,4610
2020,5,31,4581
